Stock Number,QR URL,Has GA1,Has Manual
1.3M OMT BRACE,https://nhh.ie/machine.html?id=1.3M%20OMT%20BRACE,No,No
220V ADAPTOR,https://nhh.ie/machine.html?id=220V%20ADAPTOR,No,No
2222,https://nhh.ie/machine.html?id=2222,No,No
32 AMP EXT,https://nhh.ie/machine.html?id=32%20AMP%20EXT,No,No
3H,https://nhh.ie/machine.html?id=3H,No,No
4RUNGFRAME,https://nhh.ie/machine.html?id=4RUNGFRAME,No,No
4X2TNBLUE,https://nhh.ie/machine.html?id=4X2TNBLUE,No,No
4X2TNGREEN,https://nhh.ie/machine.html?id=4X2TNGREEN,No,No
4X2TNPINK,https://nhh.ie/machine.html?id=4X2TNPINK,No,No
4X2TNYELLOW,https://nhh.ie/machine.html?id=4X2TNYELLOW,No,No
6X3T,https://nhh.ie/machine.html?id=6X3T,No,No
8X3T,https://nhh.ie/machine.html?id=8X3T,No,No
8X3TN (GN),https://nhh.ie/machine.html?id=8X3TN%20%28GN%29,No,No
8X3TN (OR),https://nhh.ie/machine.html?id=8X3TN%20%28OR%29,No,No
8X5T,https://nhh.ie/machine.html?id=8X5T,No,No
8X5TN (GREEN & RED),https://nhh.ie/machine.html?id=8X5TN%20%28GREEN%20%26%20RED%29,No,No
8X5TN (PU),https://nhh.ie/machine.html?id=8X5TN%20%28PU%29,No,No
8X5TN (RD),https://nhh.ie/machine.html?id=8X5TN%20%28RD%29,No,No
8X5TN(BK),https://nhh.ie/machine.html?id=8X5TN%28BK%29,No,No
8X5TN(CR),https://nhh.ie/machine.html?id=8X5TN%28CR%29,No,No
8X5TN(DB),https://nhh.ie/machine.html?id=8X5TN%28DB%29,No,No
8X5TN(GD),https://nhh.ie/machine.html?id=8X5TN%28GD%29,No,No
8X5TN(YW),https://nhh.ie/machine.html?id=8X5TN%28YW%29,No,No
8X5TNBLACK & YELLOW,https://nhh.ie/machine.html?id=8X5TNBLACK%20%26%20YELLOW,No,No
8X5TNORANE & GREEN,https://nhh.ie/machine.html?id=8X5TNORANE%20%26%20GREEN,No,No
ACR1,https://nhh.ie/machine.html?id=ACR1,No,No
ACR2A,https://nhh.ie/machine.html?id=ACR2A,No,No
ACR3,https://nhh.ie/machine.html?id=ACR3,No,No
ACR4,https://nhh.ie/machine.html?id=ACR4,No,No
ACROWC,https://nhh.ie/machine.html?id=ACROWC,No,No
ACROWP,https://nhh.ie/machine.html?id=ACROWP,No,No
ADJUSTABLE LEG,https://nhh.ie/machine.html?id=ADJUSTABLE%20LEG,No,No
AGA,https://nhh.ie/machine.html?id=AGA,No,No
AHAN,https://nhh.ie/machine.html?id=AHAN,No,No
AL500 CHARGER,https://nhh.ie/machine.html?id=AL500%20CHARGER,No,No
ANG5N13,https://nhh.ie/machine.html?id=ANG5N13,No,No
ANG5N207,https://nhh.ie/machine.html?id=ANG5N207,No,No
ANG5N97,https://nhh.ie/machine.html?id=ANG5N97,No,No
ANG8N195,https://nhh.ie/machine.html?id=ANG8N195,No,No
ANG8N196,https://nhh.ie/machine.html?id=ANG8N196,No,No
AP300 BATTERY,https://nhh.ie/machine.html?id=AP300%20BATTERY,No,No
AU,https://nhh.ie/machine.html?id=AU,No,No
BA,https://nhh.ie/machine.html?id=BA,No,No
BAR,https://nhh.ie/machine.html?id=BAR,No,No
BAR HOLDING,https://nhh.ie/machine.html?id=BAR%20HOLDING,No,No
BAR&KEYN2,https://nhh.ie/machine.html?id=BAR%26KEYN2,No,No
BAR&KEYN5,https://nhh.ie/machine.html?id=BAR%26KEYN5,No,No
BARHOLDER,https://nhh.ie/machine.html?id=BARHOLDER,No,No
BASE UNIT,https://nhh.ie/machine.html?id=BASE%20UNIT,No,No
BATT,https://nhh.ie/machine.html?id=BATT,No,No
BATTERY CHAR,https://nhh.ie/machine.html?id=BATTERY%20CHAR,No,No
BATTERY PACK,https://nhh.ie/machine.html?id=BATTERY%20PACK,No,No
BATTERY4,https://nhh.ie/machine.html?id=BATTERY4,No,No
BBLT,https://nhh.ie/machine.html?id=BBLT,No,No
BEA,https://nhh.ie/machine.html?id=BEA,No,No
BFORK,https://nhh.ie/machine.html?id=BFORK,No,No
BITADAP,https://nhh.ie/machine.html?id=BITADAP,No,No
BITADAP2,https://nhh.ie/machine.html?id=BITADAP2,No,No
BITUMENTORCH,https://nhh.ie/machine.html?id=BITUMENTORCH,No,No
BLACK HANDLE,https://nhh.ie/machine.html?id=BLACK%20HANDLE,No,No
BLADE12,https://nhh.ie/machine.html?id=BLADE12,No,No
BLADE14,https://nhh.ie/machine.html?id=BLADE14,No,No
BLADE16,https://nhh.ie/machine.html?id=BLADE16,No,No
BLADE18,https://nhh.ie/machine.html?id=BLADE18,No,No
BLADE9,https://nhh.ie/machine.html?id=BLADE9,No,No
BLAT2N3,https://nhh.ie/machine.html?id=BLAT2N3,No,No
BLOCK TRAY,https://nhh.ie/machine.html?id=BLOCK%20TRAY,No,No
BLOCKSPLN3,https://nhh.ie/machine.html?id=BLOCKSPLN3,No,No
BLOW1N12,https://nhh.ie/machine.html?id=BLOW1N12,No,No
BLOW1N6,https://nhh.ie/machine.html?id=BLOW1N6,No,No
BLOW1N7,https://nhh.ie/machine.html?id=BLOW1N7,No,No
BLUE BARS,https://nhh.ie/machine.html?id=BLUE%20BARS,No,No
BM125N123,https://nhh.ie/machine.html?id=BM125N123,Yes,Yes
BM125N147,https://nhh.ie/machine.html?id=BM125N147,Yes,Yes
BM135N122,https://nhh.ie/machine.html?id=BM135N122,No,Yes
BM135N148,https://nhh.ie/machine.html?id=BM135N148,Yes,Yes
BM135N149,https://nhh.ie/machine.html?id=BM135N149,Yes,Yes
BM30N145,https://nhh.ie/machine.html?id=BM30N145,No,Yes
BM30N146,https://nhh.ie/machine.html?id=BM30N146,Yes,Yes
BM30N52,https://nhh.ie/machine.html?id=BM30N52,No,Yes
BM30N53,https://nhh.ie/machine.html?id=BM30N53,No,Yes
BM38N105,https://nhh.ie/machine.html?id=BM38N105,Yes,Yes
BM38N106,https://nhh.ie/machine.html?id=BM38N106,No,Yes
BM38N39,https://nhh.ie/machine.html?id=BM38N39,Yes,Yes
BM38N54,https://nhh.ie/machine.html?id=BM38N54,No,Yes
BM38N68,https://nhh.ie/machine.html?id=BM38N68,Yes,Yes
BM38N69,https://nhh.ie/machine.html?id=BM38N69,Yes,Yes
BM40N110,https://nhh.ie/machine.html?id=BM40N110,No,Yes
BM46N100,https://nhh.ie/machine.html?id=BM46N100,Yes,Yes
BM46N101,https://nhh.ie/machine.html?id=BM46N101,Yes,Yes
BM46N107,https://nhh.ie/machine.html?id=BM46N107,Yes,Yes
BM46N108,https://nhh.ie/machine.html?id=BM46N108,Yes,Yes
BM46N109,https://nhh.ie/machine.html?id=BM46N109,No,Yes
BM46N112,https://nhh.ie/machine.html?id=BM46N112,No,Yes
BM46N115,https://nhh.ie/machine.html?id=BM46N115,Yes,Yes
BM46N117,https://nhh.ie/machine.html?id=BM46N117,Yes,Yes
BM46N118,https://nhh.ie/machine.html?id=BM46N118,Yes,Yes
BM46N119,https://nhh.ie/machine.html?id=BM46N119,No,Yes
BM46N124,https://nhh.ie/machine.html?id=BM46N124,No,Yes
BM46N125,https://nhh.ie/machine.html?id=BM46N125,Yes,Yes
BM46N126,https://nhh.ie/machine.html?id=BM46N126,Yes,Yes
BM46N144,https://nhh.ie/machine.html?id=BM46N144,Yes,Yes
BM46N55,https://nhh.ie/machine.html?id=BM46N55,No,Yes
BM46N61,https://nhh.ie/machine.html?id=BM46N61,No,Yes
BM46N77,https://nhh.ie/machine.html?id=BM46N77,No,Yes
BM46N96,https://nhh.ie/machine.html?id=BM46N96,Yes,Yes
BM46N98,https://nhh.ie/machine.html?id=BM46N98,Yes,Yes
BM46N99,https://nhh.ie/machine.html?id=BM46N99,Yes,Yes
BM60N102,https://nhh.ie/machine.html?id=BM60N102,No,No
BM60N103,https://nhh.ie/machine.html?id=BM60N103,No,No
BM60N113,https://nhh.ie/machine.html?id=BM60N113,No,No
BM60N114,https://nhh.ie/machine.html?id=BM60N114,No,No
BM60N116,https://nhh.ie/machine.html?id=BM60N116,No,No
BM60N120,https://nhh.ie/machine.html?id=BM60N120,No,No
BM60N127,https://nhh.ie/machine.html?id=BM60N127,No,No
BM60N128,https://nhh.ie/machine.html?id=BM60N128,No,No
BM60N129,https://nhh.ie/machine.html?id=BM60N129,No,No
BM60N130,https://nhh.ie/machine.html?id=BM60N130,No,No
BM60N131,https://nhh.ie/machine.html?id=BM60N131,No,No
BM60N132,https://nhh.ie/machine.html?id=BM60N132,No,No
BM60N41,https://nhh.ie/machine.html?id=BM60N41,No,No
BM60N47,https://nhh.ie/machine.html?id=BM60N47,No,No
BM60N51,https://nhh.ie/machine.html?id=BM60N51,No,No
BM60N56,https://nhh.ie/machine.html?id=BM60N56,No,No
BM60N57,https://nhh.ie/machine.html?id=BM60N57,No,No
BM60N65,https://nhh.ie/machine.html?id=BM60N65,No,No
BM60N67,https://nhh.ie/machine.html?id=BM60N67,No,No
BM60N94,https://nhh.ie/machine.html?id=BM60N94,No,No
BM60N97,https://nhh.ie/machine.html?id=BM60N97,No,No
BM80N104,https://nhh.ie/machine.html?id=BM80N104,No,No
BM80N121,https://nhh.ie/machine.html?id=BM80N121,No,No
BM80N133,https://nhh.ie/machine.html?id=BM80N133,No,No
BM80N134,https://nhh.ie/machine.html?id=BM80N134,No,No
BM80N135,https://nhh.ie/machine.html?id=BM80N135,No,No
BM80N136,https://nhh.ie/machine.html?id=BM80N136,No,No
BM80N137,https://nhh.ie/machine.html?id=BM80N137,No,No
BM80N58,https://nhh.ie/machine.html?id=BM80N58,No,No
BM85N138,https://nhh.ie/machine.html?id=BM85N138,No,No
BM85N139,https://nhh.ie/machine.html?id=BM85N139,No,No
BM85N140,https://nhh.ie/machine.html?id=BM85N140,No,No
BM85N141,https://nhh.ie/machine.html?id=BM85N141,No,No
BM85N142,https://nhh.ie/machine.html?id=BM85N142,No,No
BM85N75,https://nhh.ie/machine.html?id=BM85N75,No,No
BM85N76,https://nhh.ie/machine.html?id=BM85N76,No,No
BM85N78,https://nhh.ie/machine.html?id=BM85N78,No,No
BM85N79,https://nhh.ie/machine.html?id=BM85N79,No,No
BMSN143,https://nhh.ie/machine.html?id=BMSN143,Yes,Yes
BMSN150,https://nhh.ie/machine.html?id=BMSN150,Yes,Yes
BMSN151,https://nhh.ie/machine.html?id=BMSN151,Yes,Yes
BMSN152,https://nhh.ie/machine.html?id=BMSN152,Yes,Yes
BMSN153,https://nhh.ie/machine.html?id=BMSN153,Yes,Yes
BMSN71,https://nhh.ie/machine.html?id=BMSN71,Yes,Yes
BMSN72,https://nhh.ie/machine.html?id=BMSN72,Yes,Yes
BMSN73,https://nhh.ie/machine.html?id=BMSN73,No,Yes
BMSN74,https://nhh.ie/machine.html?id=BMSN74,Yes,Yes
BMSN93,https://nhh.ie/machine.html?id=BMSN93,Yes,Yes
BOB1N23,https://nhh.ie/machine.html?id=BOB1N23,No,No
BOB3N3,https://nhh.ie/machine.html?id=BOB3N3,No,No
BOB4N4,https://nhh.ie/machine.html?id=BOB4N4,No,No
BOILER1N3,https://nhh.ie/machine.html?id=BOILER1N3,No,No
BOILER2N1,https://nhh.ie/machine.html?id=BOILER2N1,No,No
BOOM-DIESEL SCISSORS,https://nhh.ie/machine.html?id=BOOM-DIESEL%20SCISSORS,No,No
BOW250N16,https://nhh.ie/machine.html?id=BOW250N16,No,No
BOW900N18,https://nhh.ie/machine.html?id=BOW900N18,No,No
BR,https://nhh.ie/machine.html?id=BR,No,No
BREAK1N10,https://nhh.ie/machine.html?id=BREAK1N10,No,No
BREAK1N19,https://nhh.ie/machine.html?id=BREAK1N19,No,No
BREAK1N21,https://nhh.ie/machine.html?id=BREAK1N21,No,No
BREAKERCHISEL,https://nhh.ie/machine.html?id=BREAKERCHISEL,No,No
BU,https://nhh.ie/machine.html?id=BU,No,No
BUC12,https://nhh.ie/machine.html?id=BUC12,No,No
BUC18,https://nhh.ie/machine.html?id=BUC18,No,No
BUC24,https://nhh.ie/machine.html?id=BUC24,No,No
BUC36,https://nhh.ie/machine.html?id=BUC36,No,No
BUC48,https://nhh.ie/machine.html?id=BUC48,No,No
BUCG12,https://nhh.ie/machine.html?id=BUCG12,No,No
BUCG24,https://nhh.ie/machine.html?id=BUCG24,No,No
BUCGR,https://nhh.ie/machine.html?id=BUCGR,No,No
BUCK,https://nhh.ie/machine.html?id=BUCK,No,No
BUGGY FORKS,https://nhh.ie/machine.html?id=BUGGY%20FORKS,No,No
CARPET HEAD,https://nhh.ie/machine.html?id=CARPET%20HEAD,No,No
CARPET2,https://nhh.ie/machine.html?id=CARPET2,No,No
CARPET3N3,https://nhh.ie/machine.html?id=CARPET3N3,No,No
CB13Q,https://nhh.ie/machine.html?id=CB13Q,No,No
CB2,https://nhh.ie/machine.html?id=CB2,No,No
CB21Q,https://nhh.ie/machine.html?id=CB21Q,No,No
CB3,https://nhh.ie/machine.html?id=CB3,No,No
CB4A,https://nhh.ie/machine.html?id=CB4A,No,No
CB4H,https://nhh.ie/machine.html?id=CB4H,No,No
CB5,https://nhh.ie/machine.html?id=CB5,No,No
CB6A,https://nhh.ie/machine.html?id=CB6A,No,No
CBEXT,https://nhh.ie/machine.html?id=CBEXT,No,No
CBW10,https://nhh.ie/machine.html?id=CBW10,No,No
CBW12,https://nhh.ie/machine.html?id=CBW12,No,No
CBW16,https://nhh.ie/machine.html?id=CBW16,No,No
CBW2,https://nhh.ie/machine.html?id=CBW2,No,No
CBW20,https://nhh.ie/machine.html?id=CBW20,No,No
CBW22,https://nhh.ie/machine.html?id=CBW22,No,No
CBW3,https://nhh.ie/machine.html?id=CBW3,No,No
CBW38,https://nhh.ie/machine.html?id=CBW38,No,No
CBW4,https://nhh.ie/machine.html?id=CBW4,No,No
CBW5,https://nhh.ie/machine.html?id=CBW5,No,No
CBW6,https://nhh.ie/machine.html?id=CBW6,No,No
CBW7,https://nhh.ie/machine.html?id=CBW7,No,No
CBW8,https://nhh.ie/machine.html?id=CBW8,No,No
CHA,https://nhh.ie/machine.html?id=CHA,No,No
CHANGEOVER,https://nhh.ie/machine.html?id=CHANGEOVER,No,No
CHARGING UNIT,https://nhh.ie/machine.html?id=CHARGING%20UNIT,No,No
CIRCSAW9N73,https://nhh.ie/machine.html?id=CIRCSAW9N73,No,No
CLMPS,https://nhh.ie/machine.html?id=CLMPS,No,No
CMP1,https://nhh.ie/machine.html?id=CMP1,No,No
CMP140N106,https://nhh.ie/machine.html?id=CMP140N106,No,No
CMP140N108,https://nhh.ie/machine.html?id=CMP140N108,No,No
CMP180N102,https://nhh.ie/machine.html?id=CMP180N102,No,No
CMP180N109,https://nhh.ie/machine.html?id=CMP180N109,No,No
CMP180N110,https://nhh.ie/machine.html?id=CMP180N110,No,No
CMP180N111,https://nhh.ie/machine.html?id=CMP180N111,No,No
CMP260N104,https://nhh.ie/machine.html?id=CMP260N104,No,No
CMP260N112,https://nhh.ie/machine.html?id=CMP260N112,No,No
CMP260N113,https://nhh.ie/machine.html?id=CMP260N113,No,No
CMP260N114,https://nhh.ie/machine.html?id=CMP260N114,No,No
CMP260N94,https://nhh.ie/machine.html?id=CMP260N94,No,No
CMP95N100,https://nhh.ie/machine.html?id=CMP95N100,No,No
CMP95N99,https://nhh.ie/machine.html?id=CMP95N99,No,No
CMPEEN110,https://nhh.ie/machine.html?id=CMPEEN110,No,No
CMPG130N95,https://nhh.ie/machine.html?id=CMPG130N95,No,No
CMPG130N97,https://nhh.ie/machine.html?id=CMPG130N97,No,No
CMPH,https://nhh.ie/machine.html?id=CMPH,No,No
CMPPETN19,https://nhh.ie/machine.html?id=CMPPETN19,No,No
CMS1,https://nhh.ie/machine.html?id=CMS1,No,No
COMP13N175,https://nhh.ie/machine.html?id=COMP13N175,No,No
COMP13N176,https://nhh.ie/machine.html?id=COMP13N176,No,No
COMP13N177,https://nhh.ie/machine.html?id=COMP13N177,No,No
COMP13N178,https://nhh.ie/machine.html?id=COMP13N178,No,No
COMP13N191,https://nhh.ie/machine.html?id=COMP13N191,No,No
COMP16N179,https://nhh.ie/machine.html?id=COMP16N179,No,No
COMP16N184,https://nhh.ie/machine.html?id=COMP16N184,No,No
COMP16N185,https://nhh.ie/machine.html?id=COMP16N185,No,No
COMP16N189,https://nhh.ie/machine.html?id=COMP16N189,No,No
COMP16N190,https://nhh.ie/machine.html?id=COMP16N190,No,No
COMP25N156,https://nhh.ie/machine.html?id=COMP25N156,No,No
COMP25N158,https://nhh.ie/machine.html?id=COMP25N158,No,No
COMP25N159,https://nhh.ie/machine.html?id=COMP25N159,No,No
COMP25N174,https://nhh.ie/machine.html?id=COMP25N174,No,No
COMP25N180,https://nhh.ie/machine.html?id=COMP25N180,No,No
COMP25N182,https://nhh.ie/machine.html?id=COMP25N182,No,No
COMP25N183,https://nhh.ie/machine.html?id=COMP25N183,No,No
COMP25N186,https://nhh.ie/machine.html?id=COMP25N186,No,No
COMP25N187,https://nhh.ie/machine.html?id=COMP25N187,No,No
COMP25N23,https://nhh.ie/machine.html?id=COMP25N23,No,No
COMP25N80,https://nhh.ie/machine.html?id=COMP25N80,No,No
COMPJJ12N10,https://nhh.ie/machine.html?id=COMPJJ12N10,No,No
CON1N283,https://nhh.ie/machine.html?id=CON1N283,No,No
CON1N288,https://nhh.ie/machine.html?id=CON1N288,No,No
CON1N291,https://nhh.ie/machine.html?id=CON1N291,No,No
CON1N293,https://nhh.ie/machine.html?id=CON1N293,No,No
CON1N295,https://nhh.ie/machine.html?id=CON1N295,No,No
CON1N296,https://nhh.ie/machine.html?id=CON1N296,No,No
CON1N297,https://nhh.ie/machine.html?id=CON1N297,No,No
CON1N298,https://nhh.ie/machine.html?id=CON1N298,No,No
CON1N299,https://nhh.ie/machine.html?id=CON1N299,No,No
CON1N60,https://nhh.ie/machine.html?id=CON1N60,No,No
CON1N61,https://nhh.ie/machine.html?id=CON1N61,No,No
CON1N63,https://nhh.ie/machine.html?id=CON1N63,No,No
CON4N15,https://nhh.ie/machine.html?id=CON4N15,No,No
CON4N286,https://nhh.ie/machine.html?id=CON4N286,No,No
CON4N289,https://nhh.ie/machine.html?id=CON4N289,No,No
CON6N294,https://nhh.ie/machine.html?id=CON6N294,No,No
CON7N1,https://nhh.ie/machine.html?id=CON7N1,No,No
CONSKIPN12,https://nhh.ie/machine.html?id=CONSKIPN12,No,No
CONSKIPN13,https://nhh.ie/machine.html?id=CONSKIPN13,No,No
CONSKIPN140,https://nhh.ie/machine.html?id=CONSKIPN140,No,No
CONSKIPN16,https://nhh.ie/machine.html?id=CONSKIPN16,No,No
CONSKIPN17,https://nhh.ie/machine.html?id=CONSKIPN17,No,No
CONSKIPN18,https://nhh.ie/machine.html?id=CONSKIPN18,No,No
CONSKIPN19,https://nhh.ie/machine.html?id=CONSKIPN19,No,No
CONSP,https://nhh.ie/machine.html?id=CONSP,No,No
CONTROLLER,https://nhh.ie/machine.html?id=CONTROLLER,No,No
CRHD,https://nhh.ie/machine.html?id=CRHD,No,No
CRHK,https://nhh.ie/machine.html?id=CRHK,No,No
CRHT,https://nhh.ie/machine.html?id=CRHT,No,No
CROBAR,https://nhh.ie/machine.html?id=CROBAR,No,No
CTSCGEN321,https://nhh.ie/machine.html?id=CTSCGEN321,No,No
CTSCGEN99,https://nhh.ie/machine.html?id=CTSCGEN99,No,No
CTSCN23,https://nhh.ie/machine.html?id=CTSCN23,No,No
CTSCN24,https://nhh.ie/machine.html?id=CTSCN24,No,No
CTSCN26,https://nhh.ie/machine.html?id=CTSCN26,No,No
CTSCN33,https://nhh.ie/machine.html?id=CTSCN33,No,No
CTSCSONN1,https://nhh.ie/machine.html?id=CTSCSONN1,No,No
CUBE1,https://nhh.ie/machine.html?id=CUBE1,No,No
D HANDLE,https://nhh.ie/machine.html?id=D%20HANDLE,No,No
DEHUM2N10,https://nhh.ie/machine.html?id=DEHUM2N10,No,No
DEHUM2N46,https://nhh.ie/machine.html?id=DEHUM2N46,No,No
DEHUM2N48,https://nhh.ie/machine.html?id=DEHUM2N48,No,No
DEHUM2N49,https://nhh.ie/machine.html?id=DEHUM2N49,No,No
DEHUM2N50,https://nhh.ie/machine.html?id=DEHUM2N50,No,No
DEHUM2N51,https://nhh.ie/machine.html?id=DEHUM2N51,No,No
DEHUM2N52,https://nhh.ie/machine.html?id=DEHUM2N52,No,No
DEHUM2N53,https://nhh.ie/machine.html?id=DEHUM2N53,No,No
DEHUM2N54,https://nhh.ie/machine.html?id=DEHUM2N54,No,No
DEHUM2N55,https://nhh.ie/machine.html?id=DEHUM2N55,No,No
DEHUM2N56,https://nhh.ie/machine.html?id=DEHUM2N56,No,No
DEHUM2N57,https://nhh.ie/machine.html?id=DEHUM2N57,No,No
DEHUM2N58,https://nhh.ie/machine.html?id=DEHUM2N58,No,No
DEHUM2N61,https://nhh.ie/machine.html?id=DEHUM2N61,No,No
DEHUM2N62,https://nhh.ie/machine.html?id=DEHUM2N62,No,No
DEHUM2N63,https://nhh.ie/machine.html?id=DEHUM2N63,No,No
DEHUM2N64,https://nhh.ie/machine.html?id=DEHUM2N64,No,No
DEHUM2N65,https://nhh.ie/machine.html?id=DEHUM2N65,No,No
DEHUM2N66,https://nhh.ie/machine.html?id=DEHUM2N66,No,No
DETEC1N11,https://nhh.ie/machine.html?id=DETEC1N11,No,No
DETEC1N13,https://nhh.ie/machine.html?id=DETEC1N13,No,No
DH,https://nhh.ie/machine.html?id=DH,No,No
DIE,https://nhh.ie/machine.html?id=DIE,No,No
DIG13HN155,https://nhh.ie/machine.html?id=DIG13HN155,No,No
DIG13HN156,https://nhh.ie/machine.html?id=DIG13HN156,No,No
DIG13HN157,https://nhh.ie/machine.html?id=DIG13HN157,No,No
DIG13N141,https://nhh.ie/machine.html?id=DIG13N141,No,No
DIG13N142,https://nhh.ie/machine.html?id=DIG13N142,No,No
DIG13N143,https://nhh.ie/machine.html?id=DIG13N143,No,No
DIG1N121,https://nhh.ie/machine.html?id=DIG1N121,No,No
DIG1N122,https://nhh.ie/machine.html?id=DIG1N122,No,No
DIG1N124,https://nhh.ie/machine.html?id=DIG1N124,No,No
DIG1N136,https://nhh.ie/machine.html?id=DIG1N136,No,No
DIG1N144,https://nhh.ie/machine.html?id=DIG1N144,No,No
DIG1N145,https://nhh.ie/machine.html?id=DIG1N145,No,No
DIG2N125,https://nhh.ie/machine.html?id=DIG2N125,No,No
DIG2N146,https://nhh.ie/machine.html?id=DIG2N146,No,No
DIG2N147,https://nhh.ie/machine.html?id=DIG2N147,No,No
DIG2N151,https://nhh.ie/machine.html?id=DIG2N151,No,No
DIG2N158,https://nhh.ie/machine.html?id=DIG2N158,No,No
DIG2N159,https://nhh.ie/machine.html?id=DIG2N159,No,No
DIG2N160,https://nhh.ie/machine.html?id=DIG2N160,No,No
DIG2N161,https://nhh.ie/machine.html?id=DIG2N161,No,No
DIG3N129,https://nhh.ie/machine.html?id=DIG3N129,No,No
DIG3N130,https://nhh.ie/machine.html?id=DIG3N130,No,No
DIG3N131,https://nhh.ie/machine.html?id=DIG3N131,No,No
DIG3N132,https://nhh.ie/machine.html?id=DIG3N132,No,No
DIG3N148,https://nhh.ie/machine.html?id=DIG3N148,No,No
DIG3N149,https://nhh.ie/machine.html?id=DIG3N149,No,No
DIG3N152,https://nhh.ie/machine.html?id=DIG3N152,No,No
DIG3N153,https://nhh.ie/machine.html?id=DIG3N153,No,No
DIG5N109,https://nhh.ie/machine.html?id=DIG5N109,No,No
DIG5N117,https://nhh.ie/machine.html?id=DIG5N117,No,No
DIG5N133,https://nhh.ie/machine.html?id=DIG5N133,No,No
DIG5N134,https://nhh.ie/machine.html?id=DIG5N134,No,No
DIG5N135,https://nhh.ie/machine.html?id=DIG5N135,No,No
DIG5N154,https://nhh.ie/machine.html?id=DIG5N154,No,No
DIG8N137,https://nhh.ie/machine.html?id=DIG8N137,No,No
DIG8N138,https://nhh.ie/machine.html?id=DIG8N138,No,No
DIG8N139,https://nhh.ie/machine.html?id=DIG8N139,No,No
DIG8N140,https://nhh.ie/machine.html?id=DIG8N140,No,No
DIGFORKN1,https://nhh.ie/machine.html?id=DIGFORKN1,No,No
DIGGUN,https://nhh.ie/machine.html?id=DIGGUN,No,No
DIGRAK9N21,https://nhh.ie/machine.html?id=DIGRAK9N21,No,No
DIGRAKN2,https://nhh.ie/machine.html?id=DIGRAKN2,No,No
DIGRAKN5,https://nhh.ie/machine.html?id=DIGRAKN5,No,No
DIGRAKN6,https://nhh.ie/machine.html?id=DIGRAKN6,No,No
DIGRAKN7,https://nhh.ie/machine.html?id=DIGRAKN7,No,No
DIGRAKN8,https://nhh.ie/machine.html?id=DIGRAKN8,No,No
DIGRAKN9,https://nhh.ie/machine.html?id=DIGRAKN9,No,No
DR14N333,https://nhh.ie/machine.html?id=DR14N333,No,No
DR16WTN15,https://nhh.ie/machine.html?id=DR16WTN15,No,No
DR16WTN63,https://nhh.ie/machine.html?id=DR16WTN63,No,No
DRI11N11,https://nhh.ie/machine.html?id=DRI11N11,No,No
DRI13N337,https://nhh.ie/machine.html?id=DRI13N337,No,No
DRI16N4,https://nhh.ie/machine.html?id=DRI16N4,No,No
DRI16N58,https://nhh.ie/machine.html?id=DRI16N58,No,No
DRI16VPN53,https://nhh.ie/machine.html?id=DRI16VPN53,No,No
DRI16WTN12,https://nhh.ie/machine.html?id=DRI16WTN12,No,No
DRI16WTN16,https://nhh.ie/machine.html?id=DRI16WTN16,No,No
DRI16WTN17,https://nhh.ie/machine.html?id=DRI16WTN17,No,No
DRI18N20,https://nhh.ie/machine.html?id=DRI18N20,No,No
DRI4N325,https://nhh.ie/machine.html?id=DRI4N325,No,No
DRI4N331,https://nhh.ie/machine.html?id=DRI4N331,No,No
DRI4N336,https://nhh.ie/machine.html?id=DRI4N336,No,No
DRIL8N19,https://nhh.ie/machine.html?id=DRIL8N19,No,No
DUM1N110,https://nhh.ie/machine.html?id=DUM1N110,No,No
DUM1N112,https://nhh.ie/machine.html?id=DUM1N112,No,No
DUM1N132,https://nhh.ie/machine.html?id=DUM1N132,No,No
DUM1N133,https://nhh.ie/machine.html?id=DUM1N133,No,No
DUM1N8,https://nhh.ie/machine.html?id=DUM1N8,No,No
DUM1N9,https://nhh.ie/machine.html?id=DUM1N9,No,No
DUM3N127,https://nhh.ie/machine.html?id=DUM3N127,No,No
DUM3N128,https://nhh.ie/machine.html?id=DUM3N128,No,No
DUM3N129,https://nhh.ie/machine.html?id=DUM3N129,No,No
DUM3N130,https://nhh.ie/machine.html?id=DUM3N130,No,No
DUM4N119,https://nhh.ie/machine.html?id=DUM4N119,No,No
DUM4N12,https://nhh.ie/machine.html?id=DUM4N12,No,No
DUM4N120,https://nhh.ie/machine.html?id=DUM4N120,No,No
DUM4N13,https://nhh.ie/machine.html?id=DUM4N13,No,No
DUM4N131,https://nhh.ie/machine.html?id=DUM4N131,No,No
DUM4N62,https://nhh.ie/machine.html?id=DUM4N62,No,No
DUM6N100,https://nhh.ie/machine.html?id=DUM6N100,No,No
DUM6N101,https://nhh.ie/machine.html?id=DUM6N101,No,No
DUM6N107,https://nhh.ie/machine.html?id=DUM6N107,No,No
DUM6N108,https://nhh.ie/machine.html?id=DUM6N108,No,No
DUM6N109,https://nhh.ie/machine.html?id=DUM6N109,No,No
DUM6N93,https://nhh.ie/machine.html?id=DUM6N93,No,No
DUM9N105,https://nhh.ie/machine.html?id=DUM9N105,No,No
DUM9N106,https://nhh.ie/machine.html?id=DUM9N106,No,No
DUM9N113,https://nhh.ie/machine.html?id=DUM9N113,No,No
DUM9N116,https://nhh.ie/machine.html?id=DUM9N116,No,No
DUM9N134,https://nhh.ie/machine.html?id=DUM9N134,No,No
DUM9N135,https://nhh.ie/machine.html?id=DUM9N135,No,No
DUM9N136,https://nhh.ie/machine.html?id=DUM9N136,No,No
DUM9N137,https://nhh.ie/machine.html?id=DUM9N137,No,No
DUM9N138,https://nhh.ie/machine.html?id=DUM9N138,No,No
DUM9N139,https://nhh.ie/machine.html?id=DUM9N139,No,No
DUM9N94,https://nhh.ie/machine.html?id=DUM9N94,No,No
DUNGFORK1,https://nhh.ie/machine.html?id=DUNGFORK1,No,No
ENGHOIN9,https://nhh.ie/machine.html?id=ENGHOIN9,No,No
EXT240N325,https://nhh.ie/machine.html?id=EXT240N325,No,No
EXTENSIONLEG,https://nhh.ie/machine.html?id=EXTENSIONLEG,No,No
EXTENSIONPIN,https://nhh.ie/machine.html?id=EXTENSIONPIN,No,No
EXTL140312,https://nhh.ie/machine.html?id=EXTL140312,No,No
EXTL140N327,https://nhh.ie/machine.html?id=EXTL140N327,No,No
EXTL140N331,https://nhh.ie/machine.html?id=EXTL140N331,No,No
EXTL140N335,https://nhh.ie/machine.html?id=EXTL140N335,No,No
EXTL140N341,https://nhh.ie/machine.html?id=EXTL140N341,No,No
EXTL140N342,https://nhh.ie/machine.html?id=EXTL140N342,No,No
EXTL140N343,https://nhh.ie/machine.html?id=EXTL140N343,No,No
EXTL140N344,https://nhh.ie/machine.html?id=EXTL140N344,No,No
EXTL140N345,https://nhh.ie/machine.html?id=EXTL140N345,No,No
EXTL140N349,https://nhh.ie/machine.html?id=EXTL140N349,No,No
EXTL140N350,https://nhh.ie/machine.html?id=EXTL140N350,No,No
EXTL140N351,https://nhh.ie/machine.html?id=EXTL140N351,No,No
EXTL140N352,https://nhh.ie/machine.html?id=EXTL140N352,No,No
EXTL140N353,https://nhh.ie/machine.html?id=EXTL140N353,No,No
EXTL140N355,https://nhh.ie/machine.html?id=EXTL140N355,No,No
EXTL140N356,https://nhh.ie/machine.html?id=EXTL140N356,No,No
EXTL140N357,https://nhh.ie/machine.html?id=EXTL140N357,No,No
EXTL140N358,https://nhh.ie/machine.html?id=EXTL140N358,No,No
EXTL140N359,https://nhh.ie/machine.html?id=EXTL140N359,No,No
EXTL140N360,https://nhh.ie/machine.html?id=EXTL140N360,No,No
EXTL150N354,https://nhh.ie/machine.html?id=EXTL150N354,No,No
EXTL1N337,https://nhh.ie/machine.html?id=EXTL1N337,No,No
EXTL1N340,https://nhh.ie/machine.html?id=EXTL1N340,No,No
EXTL240N256,https://nhh.ie/machine.html?id=EXTL240N256,No,No
EXTL240N284,https://nhh.ie/machine.html?id=EXTL240N284,No,No
EXTL240N307,https://nhh.ie/machine.html?id=EXTL240N307,No,No
EXTL240N329,https://nhh.ie/machine.html?id=EXTL240N329,No,No
EXTL240N330,https://nhh.ie/machine.html?id=EXTL240N330,No,No
EXTL240N339,https://nhh.ie/machine.html?id=EXTL240N339,No,No
EXTL240N34,https://nhh.ie/machine.html?id=EXTL240N34,No,No
EXTL240N345,https://nhh.ie/machine.html?id=EXTL240N345,No,No
EXTL240N347,https://nhh.ie/machine.html?id=EXTL240N347,No,No
EXTL240N348,https://nhh.ie/machine.html?id=EXTL240N348,No,No
EXTL240N35,https://nhh.ie/machine.html?id=EXTL240N35,No,No
EXTL40N326,https://nhh.ie/machine.html?id=EXTL40N326,No,No
EXTLN332,https://nhh.ie/machine.html?id=EXTLN332,No,No
FA,https://nhh.ie/machine.html?id=FA,No,No
FA10N,https://nhh.ie/machine.html?id=FA10N,No,No
FA6000100N,https://nhh.ie/machine.html?id=FA6000100N,No,No
FA60003200,https://nhh.ie/machine.html?id=FA60003200,No,No
FA6000320N,https://nhh.ie/machine.html?id=FA6000320N,No,No
FAC,https://nhh.ie/machine.html?id=FAC,No,No
FALLAN121,https://nhh.ie/machine.html?id=FALLAN121,No,No
FALLN121,https://nhh.ie/machine.html?id=FALLN121,No,No
FAN1N12,https://nhh.ie/machine.html?id=FAN1N12,No,No
FAN1N14,https://nhh.ie/machine.html?id=FAN1N14,No,No
FAN1N15,https://nhh.ie/machine.html?id=FAN1N15,No,No
FENB,https://nhh.ie/machine.html?id=FENB,No,No
FENC,https://nhh.ie/machine.html?id=FENC,No,No
FENCE1,https://nhh.ie/machine.html?id=FENCE1,No,No
FENCE2,https://nhh.ie/machine.html?id=FENCE2,No,No
FIR1JN,https://nhh.ie/machine.html?id=FIR1JN,No,No
FIREEX,https://nhh.ie/machine.html?id=FIREEX,No,No
FKEX,https://nhh.ie/machine.html?id=FKEX,No,No
FLA,https://nhh.ie/machine.html?id=FLA,No,No
FLOVN3,https://nhh.ie/machine.html?id=FLOVN3,No,No
FLTBULLN10,https://nhh.ie/machine.html?id=FLTBULLN10,No,No
FLTBULLN12,https://nhh.ie/machine.html?id=FLTBULLN12,No,No
FLTBULLN50,https://nhh.ie/machine.html?id=FLTBULLN50,No,No
FLTBULLN55,https://nhh.ie/machine.html?id=FLTBULLN55,No,No
FLTBULLN56,https://nhh.ie/machine.html?id=FLTBULLN56,No,No
FLTBULLN57,https://nhh.ie/machine.html?id=FLTBULLN57,No,No
FLTBULLN7,https://nhh.ie/machine.html?id=FLTBULLN7,No,No
FPF1N002,https://nhh.ie/machine.html?id=FPF1N002,No,No
FRAMENOLADDER,https://nhh.ie/machine.html?id=FRAMENOLADDER,No,No
FRK4N15,https://nhh.ie/machine.html?id=FRK4N15,No,No
FRK4N16,https://nhh.ie/machine.html?id=FRK4N16,No,No
FRK4N17,https://nhh.ie/machine.html?id=FRK4N17,No,No
FRK4N18,https://nhh.ie/machine.html?id=FRK4N18,No,No
FRK4N21,https://nhh.ie/machine.html?id=FRK4N21,No,No
FRK5N19,https://nhh.ie/machine.html?id=FRK5N19,No,No
FRK5N20,https://nhh.ie/machine.html?id=FRK5N20,No,No
GA1,https://nhh.ie/machine.html?id=GA1,No,No
GAS REGULATOR,https://nhh.ie/machine.html?id=GAS%20REGULATOR,No,No
GAS104B,https://nhh.ie/machine.html?id=GAS104B,No,No
GAS24B,https://nhh.ie/machine.html?id=GAS24B,No,No
GAS75B,https://nhh.ie/machine.html?id=GAS75B,No,No
GE200N261,https://nhh.ie/machine.html?id=GE200N261,No,No
GEN100N264,https://nhh.ie/machine.html?id=GEN100N264,No,No
GEN1N306,https://nhh.ie/machine.html?id=GEN1N306,No,No
GEN2N315,https://nhh.ie/machine.html?id=GEN2N315,No,No
GEN2N316,https://nhh.ie/machine.html?id=GEN2N316,No,No
GEN2N322,https://nhh.ie/machine.html?id=GEN2N322,No,No
GEN3N284,https://nhh.ie/machine.html?id=GEN3N284,No,No
GEN3N285,https://nhh.ie/machine.html?id=GEN3N285,No,No
GEN3N286,https://nhh.ie/machine.html?id=GEN3N286,No,No
GEN3N308,https://nhh.ie/machine.html?id=GEN3N308,No,No
GEN3N310,https://nhh.ie/machine.html?id=GEN3N310,No,No
GEN3N311,https://nhh.ie/machine.html?id=GEN3N311,No,No
GEN3N312,https://nhh.ie/machine.html?id=GEN3N312,No,No
GEN3N313,https://nhh.ie/machine.html?id=GEN3N313,No,No
GEN3N314,https://nhh.ie/machine.html?id=GEN3N314,No,No
GEN4N303,https://nhh.ie/machine.html?id=GEN4N303,No,No
GEN4N305,https://nhh.ie/machine.html?id=GEN4N305,No,No
GEN5N291,https://nhh.ie/machine.html?id=GEN5N291,No,No
GEN60N307,https://nhh.ie/machine.html?id=GEN60N307,No,No
GEN6SN281,https://nhh.ie/machine.html?id=GEN6SN281,No,No
GEN6SN292,https://nhh.ie/machine.html?id=GEN6SN292,No,No
GEN6SN293,https://nhh.ie/machine.html?id=GEN6SN293,No,No
GEN6SN297,https://nhh.ie/machine.html?id=GEN6SN297,No,No
GEN6SN300,https://nhh.ie/machine.html?id=GEN6SN300,No,No
GEN6SN317,https://nhh.ie/machine.html?id=GEN6SN317,No,No
GEN6SN318,https://nhh.ie/machine.html?id=GEN6SN318,No,No
GEN6SN319,https://nhh.ie/machine.html?id=GEN6SN319,No,No
GEN6SN320,https://nhh.ie/machine.html?id=GEN6SN320,No,No
GEN6SN321,https://nhh.ie/machine.html?id=GEN6SN321,No,No
GEN6SN78,https://nhh.ie/machine.html?id=GEN6SN78,No,No
GEN6SN82,https://nhh.ie/machine.html?id=GEN6SN82,No,No
GRABS1N31,https://nhh.ie/machine.html?id=GRABS1N31,No,No
GRABS1N32,https://nhh.ie/machine.html?id=GRABS1N32,No,No
GRABSIN29,https://nhh.ie/machine.html?id=GRABSIN29,No,No
GRABSIN30,https://nhh.ie/machine.html?id=GRABSIN30,No,No
GRABSINN26,https://nhh.ie/machine.html?id=GRABSINN26,No,No
GRABSINN28,https://nhh.ie/machine.html?id=GRABSINN28,No,No
GRADING BUCKET,https://nhh.ie/machine.html?id=GRADING%20BUCKET,No,No
GUID,https://nhh.ie/machine.html?id=GUID,No,No
HAHITCH,https://nhh.ie/machine.html?id=HAHITCH,No,No
HAM1CP,https://nhh.ie/machine.html?id=HAM1CP,No,No
HAM1N260,https://nhh.ie/machine.html?id=HAM1N260,No,No
HAM1N262,https://nhh.ie/machine.html?id=HAM1N262,No,No
HAM1N263,https://nhh.ie/machine.html?id=HAM1N263,No,No
HAM1N265,https://nhh.ie/machine.html?id=HAM1N265,No,No
HAM1N266,https://nhh.ie/machine.html?id=HAM1N266,No,No
HAM1N331,https://nhh.ie/machine.html?id=HAM1N331,No,No
HAM1N335,https://nhh.ie/machine.html?id=HAM1N335,No,No
HAM1N336,https://nhh.ie/machine.html?id=HAM1N336,No,No
HAM1N337,https://nhh.ie/machine.html?id=HAM1N337,No,No
HAM1N338,https://nhh.ie/machine.html?id=HAM1N338,No,No
HAM1N339,https://nhh.ie/machine.html?id=HAM1N339,No,No
HAM1N340,https://nhh.ie/machine.html?id=HAM1N340,No,No
HAM1N341,https://nhh.ie/machine.html?id=HAM1N341,No,No
HAM1N342,https://nhh.ie/machine.html?id=HAM1N342,No,No
HAM1N70,https://nhh.ie/machine.html?id=HAM1N70,No,No
HAM1N71,https://nhh.ie/machine.html?id=HAM1N71,No,No
HAM6CPS,https://nhh.ie/machine.html?id=HAM6CPS,No,No
HAM6N191,https://nhh.ie/machine.html?id=HAM6N191,No,No
HAM6N226,https://nhh.ie/machine.html?id=HAM6N226,No,No
HAM6N227,https://nhh.ie/machine.html?id=HAM6N227,No,No
HAM7N225,https://nhh.ie/machine.html?id=HAM7N225,No,No
HAM7N228,https://nhh.ie/machine.html?id=HAM7N228,No,No
HAM7NN1,https://nhh.ie/machine.html?id=HAM7NN1,No,No
HAM8N267,https://nhh.ie/machine.html?id=HAM8N267,No,No
HAMBN333,https://nhh.ie/machine.html?id=HAMBN333,No,No
HAMBN334,https://nhh.ie/machine.html?id=HAMBN334,No,No
HAMMERTROLLE,https://nhh.ie/machine.html?id=HAMMERTROLLE,No,No
HANDRAIL,https://nhh.ie/machine.html?id=HANDRAIL,No,No
HAR,https://nhh.ie/machine.html?id=HAR,No,No
HASAFE,https://nhh.ie/machine.html?id=HASAFE,No,No
HASPAN,https://nhh.ie/machine.html?id=HASPAN,No,No
HEA10N117,https://nhh.ie/machine.html?id=HEA10N117,No,No
HEA10N118,https://nhh.ie/machine.html?id=HEA10N118,No,No
HEA10N119,https://nhh.ie/machine.html?id=HEA10N119,No,No
HEA10N124,https://nhh.ie/machine.html?id=HEA10N124,No,No
HEA10N135,https://nhh.ie/machine.html?id=HEA10N135,No,No
HEA10N136,https://nhh.ie/machine.html?id=HEA10N136,No,No
HEA10N139,https://nhh.ie/machine.html?id=HEA10N139,No,No
HEA10N157,https://nhh.ie/machine.html?id=HEA10N157,No,No
HEA10N158,https://nhh.ie/machine.html?id=HEA10N158,No,No
HEA12N147,https://nhh.ie/machine.html?id=HEA12N147,No,No
HEA12N153,https://nhh.ie/machine.html?id=HEA12N153,No,No
HEA3N123,https://nhh.ie/machine.html?id=HEA3N123,No,No
HEA3N140,https://nhh.ie/machine.html?id=HEA3N140,No,No
HEA3N141,https://nhh.ie/machine.html?id=HEA3N141,No,No
HEA4N132,https://nhh.ie/machine.html?id=HEA4N132,No,No
HEA5N126,https://nhh.ie/machine.html?id=HEA5N126,No,No
HEA5N128,https://nhh.ie/machine.html?id=HEA5N128,No,No
HEA5N130,https://nhh.ie/machine.html?id=HEA5N130,No,No
HEA5N131,https://nhh.ie/machine.html?id=HEA5N131,No,No
HEA5N138,https://nhh.ie/machine.html?id=HEA5N138,No,No
HEA5N144,https://nhh.ie/machine.html?id=HEA5N144,No,No
HEA5N145,https://nhh.ie/machine.html?id=HEA5N145,No,No
HEA5N159,https://nhh.ie/machine.html?id=HEA5N159,No,No
HEA5N161,https://nhh.ie/machine.html?id=HEA5N161,No,No
HEA5N162,https://nhh.ie/machine.html?id=HEA5N162,No,No
HEA5N40,https://nhh.ie/machine.html?id=HEA5N40,No,No
HEA6N113,https://nhh.ie/machine.html?id=HEA6N113,No,No
HEA6N121,https://nhh.ie/machine.html?id=HEA6N121,No,No
HEA6N134,https://nhh.ie/machine.html?id=HEA6N134,No,No
HEA6N137,https://nhh.ie/machine.html?id=HEA6N137,No,No
HEA6N142,https://nhh.ie/machine.html?id=HEA6N142,No,No
HEA6N143,https://nhh.ie/machine.html?id=HEA6N143,No,No
HEA6N146,https://nhh.ie/machine.html?id=HEA6N146,No,No
HEA6N148,https://nhh.ie/machine.html?id=HEA6N148,No,No
HEA6N149,https://nhh.ie/machine.html?id=HEA6N149,No,No
HEA6N150,https://nhh.ie/machine.html?id=HEA6N150,No,No
HEA6N152,https://nhh.ie/machine.html?id=HEA6N152,No,No
HEA6N154,https://nhh.ie/machine.html?id=HEA6N154,No,No
HEA6N155,https://nhh.ie/machine.html?id=HEA6N155,No,No
HEA6N156,https://nhh.ie/machine.html?id=HEA6N156,No,No
HEATN1,https://nhh.ie/machine.html?id=HEATN1,No,No
HEDGE1N103,https://nhh.ie/machine.html?id=HEDGE1N103,No,No
HEDGE1N104,https://nhh.ie/machine.html?id=HEDGE1N104,No,No
HEDGE1N105,https://nhh.ie/machine.html?id=HEDGE1N105,No,No
HEDGE2N108,https://nhh.ie/machine.html?id=HEDGE2N108,No,No
HEDGE2N109,https://nhh.ie/machine.html?id=HEDGE2N109,No,No
HEDGE2N110,https://nhh.ie/machine.html?id=HEDGE2N110,No,No
HFRAMEWITHLAD,https://nhh.ie/machine.html?id=HFRAMEWITHLAD,No,No
HIKOKI BATTERY,https://nhh.ie/machine.html?id=HIKOKI%20BATTERY,No,No
HOARDING,https://nhh.ie/machine.html?id=HOARDING,No,No
HOARDSTAB,https://nhh.ie/machine.html?id=HOARDSTAB,No,No
HOOK,https://nhh.ie/machine.html?id=HOOK,No,No
HORIZONTALBR,https://nhh.ie/machine.html?id=HORIZONTALBR,No,No
HOSE,https://nhh.ie/machine.html?id=HOSE,No,No
HOSE1D,https://nhh.ie/machine.html?id=HOSE1D,No,No
HOSE2D,https://nhh.ie/machine.html?id=HOSE2D,No,No
HOSE2S,https://nhh.ie/machine.html?id=HOSE2S,No,No
HOSE3D,https://nhh.ie/machine.html?id=HOSE3D,No,No
HOSE3FH,https://nhh.ie/machine.html?id=HOSE3FH,No,No
HOSE3S,https://nhh.ie/machine.html?id=HOSE3S,No,No
HP1N1,https://nhh.ie/machine.html?id=HP1N1,No,No
HPBR,https://nhh.ie/machine.html?id=HPBR,No,No
HPHOSE,https://nhh.ie/machine.html?id=HPHOSE,No,No
IGNITION KEY,https://nhh.ie/machine.html?id=IGNITION%20KEY,No,No
IMP1N12,https://nhh.ie/machine.html?id=IMP1N12,No,No
IMP1N3,https://nhh.ie/machine.html?id=IMP1N3,No,No
IMP2N4,https://nhh.ie/machine.html?id=IMP2N4,No,No
J BAR,https://nhh.ie/machine.html?id=J%20BAR,No,No
JIBEXTN10,https://nhh.ie/machine.html?id=JIBEXTN10,No,No
JIG1N23,https://nhh.ie/machine.html?id=JIG1N23,No,No
KERB1N21,https://nhh.ie/machine.html?id=KERB1N21,No,No
KERB3N1,https://nhh.ie/machine.html?id=KERB3N1,No,No
KEY,https://nhh.ie/machine.html?id=KEY,No,No
LA10AN117,https://nhh.ie/machine.html?id=LA10AN117,No,No
LA12AN118,https://nhh.ie/machine.html?id=LA12AN118,No,No
LA21RN132,https://nhh.ie/machine.html?id=LA21RN132,No,No
LA21RN14,https://nhh.ie/machine.html?id=LA21RN14,No,No
LA24N135,https://nhh.ie/machine.html?id=LA24N135,No,No
LA30N189,https://nhh.ie/machine.html?id=LA30N189,No,No
LA30N22,https://nhh.ie/machine.html?id=LA30N22,No,No
LA6AN104,https://nhh.ie/machine.html?id=LA6AN104,No,No
LA6AN124,https://nhh.ie/machine.html?id=LA6AN124,No,No
LAB5001AB,https://nhh.ie/machine.html?id=LAB5001AB,No,No
LAB5001MC,https://nhh.ie/machine.html?id=LAB5001MC,No,No
LAB5001PC,https://nhh.ie/machine.html?id=LAB5001PC,No,No
LAB5001RC,https://nhh.ie/machine.html?id=LAB5001RC,No,No
LAB5001SH,https://nhh.ie/machine.html?id=LAB5001SH,No,No
LAB5001WM,https://nhh.ie/machine.html?id=LAB5001WM,No,No
LAB500RC,https://nhh.ie/machine.html?id=LAB500RC,No,No
LARGEPLANT,https://nhh.ie/machine.html?id=LARGEPLANT,No,No
LAS2N11,https://nhh.ie/machine.html?id=LAS2N11,No,No
LAS2N12,https://nhh.ie/machine.html?id=LAS2N12,No,No
LAS2N52,https://nhh.ie/machine.html?id=LAS2N52,No,No
LAS2N56,https://nhh.ie/machine.html?id=LAS2N56,No,No
LAS2N57,https://nhh.ie/machine.html?id=LAS2N57,No,No
LAS2N58,https://nhh.ie/machine.html?id=LAS2N58,No,No
LAS3N50,https://nhh.ie/machine.html?id=LAS3N50,No,No
LAS4N36,https://nhh.ie/machine.html?id=LAS4N36,No,No
LAWN11N80,https://nhh.ie/machine.html?id=LAWN11N80,No,No
LAWN11N81,https://nhh.ie/machine.html?id=LAWN11N81,No,No
LAWN1N79,https://nhh.ie/machine.html?id=LAWN1N79,No,No
LAWN4N2,https://nhh.ie/machine.html?id=LAWN4N2,No,No
LAWNN10,https://nhh.ie/machine.html?id=LAWNN10,No,No
LAWNN11,https://nhh.ie/machine.html?id=LAWNN11,No,No
LAWNN12,https://nhh.ie/machine.html?id=LAWNN12,No,No
LAWNN13,https://nhh.ie/machine.html?id=LAWNN13,No,No
LEADS,https://nhh.ie/machine.html?id=LEADS,No,No
LEG,https://nhh.ie/machine.html?id=LEG,No,No
LEGS,https://nhh.ie/machine.html?id=LEGS,No,No
LEV1N28,https://nhh.ie/machine.html?id=LEV1N28,No,No
LEV1N53,https://nhh.ie/machine.html?id=LEV1N53,No,No
LGSPN6,https://nhh.ie/machine.html?id=LGSPN6,No,No
LMB1,https://nhh.ie/machine.html?id=LMB1,No,No
LNSPD,https://nhh.ie/machine.html?id=LNSPD,No,No
LOCKING CASTER,https://nhh.ie/machine.html?id=LOCKING%20CASTER,No,No
LSS1,https://nhh.ie/machine.html?id=LSS1,No,No
MAM7N224,https://nhh.ie/machine.html?id=MAM7N224,No,No
MB1,https://nhh.ie/machine.html?id=MB1,No,No
MDH1,https://nhh.ie/machine.html?id=MDH1,No,No
MEASWHEELN1,https://nhh.ie/machine.html?id=MEASWHEELN1,No,No
MEASWHEELN2,https://nhh.ie/machine.html?id=MEASWHEELN2,No,No
METER1N6,https://nhh.ie/machine.html?id=METER1N6,No,No
METER1N7,https://nhh.ie/machine.html?id=METER1N7,No,No
METER2N1,https://nhh.ie/machine.html?id=METER2N1,No,No
MISC,https://nhh.ie/machine.html?id=MISC,No,No
MIX1N250,https://nhh.ie/machine.html?id=MIX1N250,No,No
MIX1N254,https://nhh.ie/machine.html?id=MIX1N254,No,No
MIX1N255,https://nhh.ie/machine.html?id=MIX1N255,No,No
MIX2N245,https://nhh.ie/machine.html?id=MIX2N245,No,No
MIX2N249,https://nhh.ie/machine.html?id=MIX2N249,No,No
MIX2N251,https://nhh.ie/machine.html?id=MIX2N251,No,No
MIX2N252,https://nhh.ie/machine.html?id=MIX2N252,No,No
MIX2N253,https://nhh.ie/machine.html?id=MIX2N253,No,No
MIX2N256,https://nhh.ie/machine.html?id=MIX2N256,No,No
MIX2N257,https://nhh.ie/machine.html?id=MIX2N257,No,No
MIX2N57,https://nhh.ie/machine.html?id=MIX2N57,No,No
MIX3N240,https://nhh.ie/machine.html?id=MIX3N240,No,No
MIX5N242,https://nhh.ie/machine.html?id=MIX5N242,No,No
MIX5N243,https://nhh.ie/machine.html?id=MIX5N243,No,No
MIX5N244,https://nhh.ie/machine.html?id=MIX5N244,No,No
NGH1N47,https://nhh.ie/machine.html?id=NGH1N47,No,No
NGH2N68,https://nhh.ie/machine.html?id=NGH2N68,No,No
NGP3N43,https://nhh.ie/machine.html?id=NGP3N43,No,No
NHC 1 FT BUCKET 8T C,https://nhh.ie/machine.html?id=NHC%201%20FT%20BUCKET%208T%20C,No,No
NHC2 8TON 1 FT BUCKE,https://nhh.ie/machine.html?id=NHC2%208TON%201%20FT%20BUCKE,No,No
NHH,https://nhh.ie/machine.html?id=NHH,No,No
NHHN42,https://nhh.ie/machine.html?id=NHHN42,No,No
NHHN43,https://nhh.ie/machine.html?id=NHHN43,No,No
NHHN44,https://nhh.ie/machine.html?id=NHHN44,No,No
OM13T,https://nhh.ie/machine.html?id=OM13T,No,No
OMT ASSEMBLY TOOL,https://nhh.ie/machine.html?id=OMT%20ASSEMBLY%20TOOL,No,No
OPERATORM,https://nhh.ie/machine.html?id=OPERATORM,No,No
OUTRIGGER PADS,https://nhh.ie/machine.html?id=OUTRIGGER%20PADS,No,No
OUTRIGGERS,https://nhh.ie/machine.html?id=OUTRIGGERS,No,No
P60156174,https://nhh.ie/machine.html?id=P60156174,No,No
PA,https://nhh.ie/machine.html?id=PA,No,No
PALLETTRN1,https://nhh.ie/machine.html?id=PALLETTRN1,No,No
PALLETTRN2,https://nhh.ie/machine.html?id=PALLETTRN2,No,No
PALLETTRN3,https://nhh.ie/machine.html?id=PALLETTRN3,No,No
PALLETTRN4,https://nhh.ie/machine.html?id=PALLETTRN4,No,No
PB4N12,https://nhh.ie/machine.html?id=PB4N12,No,No
PBM1,https://nhh.ie/machine.html?id=PBM1,No,No
PC1N1,https://nhh.ie/machine.html?id=PC1N1,No,No
PFC,https://nhh.ie/machine.html?id=PFC,No,No
PFK1N3,https://nhh.ie/machine.html?id=PFK1N3,No,No
PH,https://nhh.ie/machine.html?id=PH,No,No
PH100,https://nhh.ie/machine.html?id=PH100,No,No
PL,https://nhh.ie/machine.html?id=PL,No,No
PLANE1N8,https://nhh.ie/machine.html?id=PLANE1N8,No,No
PLANE6N13,https://nhh.ie/machine.html?id=PLANE6N13,No,No
PLANE6N14,https://nhh.ie/machine.html?id=PLANE6N14,No,No
PLANE6N15,https://nhh.ie/machine.html?id=PLANE6N15,No,No
PLANE7N22,https://nhh.ie/machine.html?id=PLANE7N22,No,No
PLANT NAPPY,https://nhh.ie/machine.html?id=PLANT%20NAPPY,No,No
PLATFORMHATCH,https://nhh.ie/machine.html?id=PLATFORMHATCH,No,No
PLATFORSOLID,https://nhh.ie/machine.html?id=PLATFORSOLID,No,No
PLUNGER,https://nhh.ie/machine.html?id=PLUNGER,No,No
PODLADDE131,https://nhh.ie/machine.html?id=PODLADDE131,No,No
PODLADDEN186,https://nhh.ie/machine.html?id=PODLADDEN186,No,No
PODLADDEN187,https://nhh.ie/machine.html?id=PODLADDEN187,No,No
PODLADDEN188,https://nhh.ie/machine.html?id=PODLADDEN188,No,No
POINT,https://nhh.ie/machine.html?id=POINT,No,No
POKER4N86,https://nhh.ie/machine.html?id=POKER4N86,No,No
POKER4N87,https://nhh.ie/machine.html?id=POKER4N87,No,No
POKER4N88,https://nhh.ie/machine.html?id=POKER4N88,No,No
POKER4N89,https://nhh.ie/machine.html?id=POKER4N89,No,No
POPR1N4,https://nhh.ie/machine.html?id=POPR1N4,No,No
POSTB2N11,https://nhh.ie/machine.html?id=POSTB2N11,No,No
POSTB2N89,https://nhh.ie/machine.html?id=POSTB2N89,No,No
POSTD1N1,https://nhh.ie/machine.html?id=POSTD1N1,No,No
PPB1,https://nhh.ie/machine.html?id=PPB1,No,No
PROMAT,https://nhh.ie/machine.html?id=PROMAT,No,No
PS1N11,https://nhh.ie/machine.html?id=PS1N11,No,No
PS2N11,https://nhh.ie/machine.html?id=PS2N11,No,No
PS2N12,https://nhh.ie/machine.html?id=PS2N12,No,No
PS2N18,https://nhh.ie/machine.html?id=PS2N18,No,No
PSAW1N12,https://nhh.ie/machine.html?id=PSAW1N12,No,No
PSAW1N92,https://nhh.ie/machine.html?id=PSAW1N92,No,No
PSAW1N94,https://nhh.ie/machine.html?id=PSAW1N94,No,No
PTEHSN8,https://nhh.ie/machine.html?id=PTEHSN8,No,No
PTH2N6,https://nhh.ie/machine.html?id=PTH2N6,No,No
PTH2N7,https://nhh.ie/machine.html?id=PTH2N7,No,No
PTH5N2,https://nhh.ie/machine.html?id=PTH5N2,No,No
PTVN3,https://nhh.ie/machine.html?id=PTVN3,No,No
PUMP1N182,https://nhh.ie/machine.html?id=PUMP1N182,No,No
PUMP1N252,https://nhh.ie/machine.html?id=PUMP1N252,No,No
PUMP2N244,https://nhh.ie/machine.html?id=PUMP2N244,No,No
PUMP2N246,https://nhh.ie/machine.html?id=PUMP2N246,No,No
PUMP3N196,https://nhh.ie/machine.html?id=PUMP3N196,No,No
PUMP3N208,https://nhh.ie/machine.html?id=PUMP3N208,No,No
PUMP3N235,https://nhh.ie/machine.html?id=PUMP3N235,No,No
PUMP3N237,https://nhh.ie/machine.html?id=PUMP3N237,No,No
PUMP3N238,https://nhh.ie/machine.html?id=PUMP3N238,No,No
PUMP3N247,https://nhh.ie/machine.html?id=PUMP3N247,No,No
PUMP3N248,https://nhh.ie/machine.html?id=PUMP3N248,No,No
PUMP3N249,https://nhh.ie/machine.html?id=PUMP3N249,No,No
PUMP3N250,https://nhh.ie/machine.html?id=PUMP3N250,No,No
PUMP3N251,https://nhh.ie/machine.html?id=PUMP3N251,No,No
PUMP5N217,https://nhh.ie/machine.html?id=PUMP5N217,No,No
PUMP5N240,https://nhh.ie/machine.html?id=PUMP5N240,No,No
PUMP5N241,https://nhh.ie/machine.html?id=PUMP5N241,No,No
PUMP5N242,https://nhh.ie/machine.html?id=PUMP5N242,No,No
PUMPT1N12,https://nhh.ie/machine.html?id=PUMPT1N12,No,No
PUMPT1N16,https://nhh.ie/machine.html?id=PUMPT1N16,No,No
PUMPT1N18,https://nhh.ie/machine.html?id=PUMPT1N18,No,No
PWC1N102,https://nhh.ie/machine.html?id=PWC1N102,No,No
PWC1N104,https://nhh.ie/machine.html?id=PWC1N104,No,No
PWC1N105,https://nhh.ie/machine.html?id=PWC1N105,No,No
PWC1N106,https://nhh.ie/machine.html?id=PWC1N106,No,No
PWC1N109,https://nhh.ie/machine.html?id=PWC1N109,No,No
PWC1N111,https://nhh.ie/machine.html?id=PWC1N111,No,No
PWC1N112,https://nhh.ie/machine.html?id=PWC1N112,No,No
PWC1N114,https://nhh.ie/machine.html?id=PWC1N114,No,No
PWC1N117,https://nhh.ie/machine.html?id=PWC1N117,No,No
PWC1N120,https://nhh.ie/machine.html?id=PWC1N120,No,No
PWC1PCN6,https://nhh.ie/machine.html?id=PWC1PCN6,No,No
PWC22PC9,https://nhh.ie/machine.html?id=PWC22PC9,No,No
PWC2N107,https://nhh.ie/machine.html?id=PWC2N107,No,No
PWC2N121,https://nhh.ie/machine.html?id=PWC2N121,No,No
PWC2N122,https://nhh.ie/machine.html?id=PWC2N122,No,No
PWC2N123,https://nhh.ie/machine.html?id=PWC2N123,No,No
PWC3N101,https://nhh.ie/machine.html?id=PWC3N101,No,No
PWC3N2,https://nhh.ie/machine.html?id=PWC3N2,No,No
PWC3N96,https://nhh.ie/machine.html?id=PWC3N96,No,No
PWC5N103,https://nhh.ie/machine.html?id=PWC5N103,No,No
PWC5N124,https://nhh.ie/machine.html?id=PWC5N124,No,No
PWC5N126,https://nhh.ie/machine.html?id=PWC5N126,No,No
PWCIN125,https://nhh.ie/machine.html?id=PWCIN125,No,No
RADIO,https://nhh.ie/machine.html?id=RADIO,No,No
RAKEBUC1N2,https://nhh.ie/machine.html?id=RAKEBUC1N2,No,No
RAKEBUC3N3,https://nhh.ie/machine.html?id=RAKEBUC3N3,No,No
RAKEBUC5N5,https://nhh.ie/machine.html?id=RAKEBUC5N5,No,No
RAKEBUC8N8,https://nhh.ie/machine.html?id=RAKEBUC8N8,No,No
RAKEH,https://nhh.ie/machine.html?id=RAKEH,No,No
RB12N121,https://nhh.ie/machine.html?id=RB12N121,No,No
RB12N234,https://nhh.ie/machine.html?id=RB12N234,No,No
RB1N225,https://nhh.ie/machine.html?id=RB1N225,No,No
RB1N40,https://nhh.ie/machine.html?id=RB1N40,No,No
RB2N30,https://nhh.ie/machine.html?id=RB2N30,No,No
RB2N34,https://nhh.ie/machine.html?id=RB2N34,No,No
RB3N227,https://nhh.ie/machine.html?id=RB3N227,No,No
RB3N26,https://nhh.ie/machine.html?id=RB3N26,No,No
RB3N29,https://nhh.ie/machine.html?id=RB3N29,No,No
RB3N80,https://nhh.ie/machine.html?id=RB3N80,No,No
RB5N230,https://nhh.ie/machine.html?id=RB5N230,No,No
RB5N231,https://nhh.ie/machine.html?id=RB5N231,No,No
RB5N232,https://nhh.ie/machine.html?id=RB5N232,No,No
RB8N219,https://nhh.ie/machine.html?id=RB8N219,No,No
RB8N229,https://nhh.ie/machine.html?id=RB8N229,No,No
RB8N233,https://nhh.ie/machine.html?id=RB8N233,No,No
RB8N25,https://nhh.ie/machine.html?id=RB8N25,No,No
RED BARS,https://nhh.ie/machine.html?id=RED%20BARS,No,No
REM,https://nhh.ie/machine.html?id=REM,No,No
REVERING,https://nhh.ie/machine.html?id=REVERING,No,No
RH,https://nhh.ie/machine.html?id=RH,No,No
RIGGER,https://nhh.ie/machine.html?id=RIGGER,No,No
RIGGERS,https://nhh.ie/machine.html?id=RIGGERS,No,No
RIGGERS400,https://nhh.ie/machine.html?id=RIGGERS400,No,No
ROD100N37,https://nhh.ie/machine.html?id=ROD100N37,No,No
ROD100N38,https://nhh.ie/machine.html?id=ROD100N38,No,No
ROD250N41,https://nhh.ie/machine.html?id=ROD250N41,No,No
ROD250N42,https://nhh.ie/machine.html?id=ROD250N42,No,No
ROD250N43,https://nhh.ie/machine.html?id=ROD250N43,No,No
ROD250N44,https://nhh.ie/machine.html?id=ROD250N44,No,No
ROD6N45,https://nhh.ie/machine.html?id=ROD6N45,No,No
RODBRSH,https://nhh.ie/machine.html?id=RODBRSH,No,No
RODSET,https://nhh.ie/machine.html?id=RODSET,No,No
ROLL1N69,https://nhh.ie/machine.html?id=ROLL1N69,No,No
ROLL1N73,https://nhh.ie/machine.html?id=ROLL1N73,No,No
ROLL1N83,https://nhh.ie/machine.html?id=ROLL1N83,No,No
ROLL2N72,https://nhh.ie/machine.html?id=ROLL2N72,No,No
ROLL2N74,https://nhh.ie/machine.html?id=ROLL2N74,No,No
ROLL2N76,https://nhh.ie/machine.html?id=ROLL2N76,No,No
ROLL2N77,https://nhh.ie/machine.html?id=ROLL2N77,No,No
ROLL2N78,https://nhh.ie/machine.html?id=ROLL2N78,No,No
ROLL2N82,https://nhh.ie/machine.html?id=ROLL2N82,No,No
ROLL3N80,https://nhh.ie/machine.html?id=ROLL3N80,No,No
ROLL4N70,https://nhh.ie/machine.html?id=ROLL4N70,No,No
ROLL4N79,https://nhh.ie/machine.html?id=ROLL4N79,No,No
ROLL4N84,https://nhh.ie/machine.html?id=ROLL4N84,No,No
ROLLGN2,https://nhh.ie/machine.html?id=ROLLGN2,No,No
ROLLGN76,https://nhh.ie/machine.html?id=ROLLGN76,No,No
ROT1N46,https://nhh.ie/machine.html?id=ROT1N46,No,No
ROT1N47,https://nhh.ie/machine.html?id=ROT1N47,No,No
ROT1N48,https://nhh.ie/machine.html?id=ROT1N48,No,No
ROT1N49,https://nhh.ie/machine.html?id=ROT1N49,No,No
ROUT1N1,https://nhh.ie/machine.html?id=ROUT1N1,No,No
RP008,https://nhh.ie/machine.html?id=RP008,No,No
RRB13N10,https://nhh.ie/machine.html?id=RRB13N10,No,No
RSAW1N43,https://nhh.ie/machine.html?id=RSAW1N43,No,No
RSAW1N45,https://nhh.ie/machine.html?id=RSAW1N45,No,No
RSAW1N46,https://nhh.ie/machine.html?id=RSAW1N46,No,No
RSAW1N47,https://nhh.ie/machine.html?id=RSAW1N47,No,No
RSAW1N5,https://nhh.ie/machine.html?id=RSAW1N5,No,No
RSAW1N6,https://nhh.ie/machine.html?id=RSAW1N6,No,No
RSAW1N7,https://nhh.ie/machine.html?id=RSAW1N7,No,No
RUB1,https://nhh.ie/machine.html?id=RUB1,No,No
RUB2,https://nhh.ie/machine.html?id=RUB2,No,No
RUBBERBASE,https://nhh.ie/machine.html?id=RUBBERBASE,No,No
SAND1N15,https://nhh.ie/machine.html?id=SAND1N15,No,No
SAND2N83,https://nhh.ie/machine.html?id=SAND2N83,No,No
SAND3N16,https://nhh.ie/machine.html?id=SAND3N16,No,No
SAND3N17,https://nhh.ie/machine.html?id=SAND3N17,No,No
SAND3N74,https://nhh.ie/machine.html?id=SAND3N74,No,No
SAND3N81,https://nhh.ie/machine.html?id=SAND3N81,No,No
SAND3N82,https://nhh.ie/machine.html?id=SAND3N82,No,No
SAND4N18,https://nhh.ie/machine.html?id=SAND4N18,No,No
SAND4N19,https://nhh.ie/machine.html?id=SAND4N19,No,No
SAND4N54,https://nhh.ie/machine.html?id=SAND4N54,No,No
SAND4N55,https://nhh.ie/machine.html?id=SAND4N55,No,No
SAND5N20,https://nhh.ie/machine.html?id=SAND5N20,No,No
SAND5N21,https://nhh.ie/machine.html?id=SAND5N21,No,No
SAND5N52,https://nhh.ie/machine.html?id=SAND5N52,No,No
SAND5N53,https://nhh.ie/machine.html?id=SAND5N53,No,No
SAND6N42,https://nhh.ie/machine.html?id=SAND6N42,No,No
SAND6N6,https://nhh.ie/machine.html?id=SAND6N6,No,No
SAND6N9,https://nhh.ie/machine.html?id=SAND6N9,No,No
SAW1N10,https://nhh.ie/machine.html?id=SAW1N10,No,No
SAW1N44,https://nhh.ie/machine.html?id=SAW1N44,No,No
SAW1N62,https://nhh.ie/machine.html?id=SAW1N62,No,No
SAW2N64,https://nhh.ie/machine.html?id=SAW2N64,No,No
SAW3N41,https://nhh.ie/machine.html?id=SAW3N41,No,No
SAW5N10,https://nhh.ie/machine.html?id=SAW5N10,No,No
SAW7N1,https://nhh.ie/machine.html?id=SAW7N1,No,No
SBT,https://nhh.ie/machine.html?id=SBT,No,No
SC10N193,https://nhh.ie/machine.html?id=SC10N193,No,No
SC10N79,https://nhh.ie/machine.html?id=SC10N79,No,No
SC10N80,https://nhh.ie/machine.html?id=SC10N80,No,No
SC10N81,https://nhh.ie/machine.html?id=SC10N81,No,No
SC10N95,https://nhh.ie/machine.html?id=SC10N95,No,No
SC16N78,https://nhh.ie/machine.html?id=SC16N78,No,No
SC16N88,https://nhh.ie/machine.html?id=SC16N88,No,No
SC19N112,https://nhh.ie/machine.html?id=SC19N112,No,No
SC19N246,https://nhh.ie/machine.html?id=SC19N246,No,No
SC19N42,https://nhh.ie/machine.html?id=SC19N42,No,No
SC19N43,https://nhh.ie/machine.html?id=SC19N43,No,No
SC19N46,https://nhh.ie/machine.html?id=SC19N46,No,No
SC19N48,https://nhh.ie/machine.html?id=SC19N48,No,No
SC19N54,https://nhh.ie/machine.html?id=SC19N54,No,No
SC19N55,https://nhh.ie/machine.html?id=SC19N55,No,No
SC19N56,https://nhh.ie/machine.html?id=SC19N56,No,No
SC19N57,https://nhh.ie/machine.html?id=SC19N57,No,No
SC19N58,https://nhh.ie/machine.html?id=SC19N58,No,No
SC19N59,https://nhh.ie/machine.html?id=SC19N59,No,No
SC19N60,https://nhh.ie/machine.html?id=SC19N60,No,No
SC19N61,https://nhh.ie/machine.html?id=SC19N61,No,No
SC19N83,https://nhh.ie/machine.html?id=SC19N83,No,No
SC19N84,https://nhh.ie/machine.html?id=SC19N84,No,No
SC19N85,https://nhh.ie/machine.html?id=SC19N85,No,No
SC19N86,https://nhh.ie/machine.html?id=SC19N86,No,No
SC19N87,https://nhh.ie/machine.html?id=SC19N87,No,No
SC19N89,https://nhh.ie/machine.html?id=SC19N89,No,No
SC19N93,https://nhh.ie/machine.html?id=SC19N93,No,No
SC19N94,https://nhh.ie/machine.html?id=SC19N94,No,No
SC19N96,https://nhh.ie/machine.html?id=SC19N96,No,No
SC26ATDN76,https://nhh.ie/machine.html?id=SC26ATDN76,No,No
SC26ATDN77,https://nhh.ie/machine.html?id=SC26ATDN77,No,No
SC26N110,https://nhh.ie/machine.html?id=SC26N110,No,No
SC26N113,https://nhh.ie/machine.html?id=SC26N113,No,No
SC26N53,https://nhh.ie/machine.html?id=SC26N53,No,No
SC26N63,https://nhh.ie/machine.html?id=SC26N63,No,No
SC26N64,https://nhh.ie/machine.html?id=SC26N64,No,No
SC26N65,https://nhh.ie/machine.html?id=SC26N65,No,No
SC26N71,https://nhh.ie/machine.html?id=SC26N71,No,No
SC26N72,https://nhh.ie/machine.html?id=SC26N72,No,No
SC26N92,https://nhh.ie/machine.html?id=SC26N92,No,No
SC32N114,https://nhh.ie/machine.html?id=SC32N114,No,No
SC32N44,https://nhh.ie/machine.html?id=SC32N44,No,No
SC32N45,https://nhh.ie/machine.html?id=SC32N45,No,No
SC32N66,https://nhh.ie/machine.html?id=SC32N66,No,No
SC32N67,https://nhh.ie/machine.html?id=SC32N67,No,No
SC32N68,https://nhh.ie/machine.html?id=SC32N68,No,No
SC32N69,https://nhh.ie/machine.html?id=SC32N69,No,No
SC32N80,https://nhh.ie/machine.html?id=SC32N80,No,No
SC32N81,https://nhh.ie/machine.html?id=SC32N81,No,No
SC32N95,https://nhh.ie/machine.html?id=SC32N95,No,No
SC40ATEN74,https://nhh.ie/machine.html?id=SC40ATEN74,No,No
SC40ATEN75,https://nhh.ie/machine.html?id=SC40ATEN75,No,No
SC40EN70,https://nhh.ie/machine.html?id=SC40EN70,No,No
SC40EN73,https://nhh.ie/machine.html?id=SC40EN73,No,No
SC40N115,https://nhh.ie/machine.html?id=SC40N115,No,No
SC50N49,https://nhh.ie/machine.html?id=SC50N49,No,No
SC50N50,https://nhh.ie/machine.html?id=SC50N50,No,No
SC50N90,https://nhh.ie/machine.html?id=SC50N90,No,No
SC50N91,https://nhh.ie/machine.html?id=SC50N91,No,No
SC65N111,https://nhh.ie/machine.html?id=SC65N111,No,No
SC65N116,https://nhh.ie/machine.html?id=SC65N116,No,No
SCABB5N7,https://nhh.ie/machine.html?id=SCABB5N7,No,No
SCAF(HIRE ITEM),https://nhh.ie/machine.html?id=SCAF%28HIRE%20ITEM%29,No,No
SHACKLE,https://nhh.ie/machine.html?id=SHACKLE,No,No
SHIELD AI SYSTEM,https://nhh.ie/machine.html?id=SHIELD%20AI%20SYSTEM,No,No
SHR2N4,https://nhh.ie/machine.html?id=SHR2N4,No,No
SHR4N5,https://nhh.ie/machine.html?id=SHR4N5,No,No
SHSE,https://nhh.ie/machine.html?id=SHSE,No,No
SIGN1,https://nhh.ie/machine.html?id=SIGN1,No,No
SIGN2,https://nhh.ie/machine.html?id=SIGN2,No,No
SIGN3,https://nhh.ie/machine.html?id=SIGN3,No,No
SIGN4,https://nhh.ie/machine.html?id=SIGN4,No,No
SIGN5,https://nhh.ie/machine.html?id=SIGN5,No,No
SIGN6,https://nhh.ie/machine.html?id=SIGN6,No,No
SIGN7,https://nhh.ie/machine.html?id=SIGN7,No,No
SIGN8,https://nhh.ie/machine.html?id=SIGN8,No,No
SIGN9,https://nhh.ie/machine.html?id=SIGN9,No,No
SK2,https://nhh.ie/machine.html?id=SK2,No,No
SKATE1N11,https://nhh.ie/machine.html?id=SKATE1N11,No,No
SKIDFORKN2,https://nhh.ie/machine.html?id=SKIDFORKN2,No,No
SKIDFORKN3,https://nhh.ie/machine.html?id=SKIDFORKN3,No,No
SKIDFRKN3,https://nhh.ie/machine.html?id=SKIDFRKN3,No,No
SKTA,https://nhh.ie/machine.html?id=SKTA,No,No
SLA25N10,https://nhh.ie/machine.html?id=SLA25N10,No,No
SLA25N11,https://nhh.ie/machine.html?id=SLA25N11,No,No
SLA25N12,https://nhh.ie/machine.html?id=SLA25N12,No,No
SLA25N5,https://nhh.ie/machine.html?id=SLA25N5,No,No
SLA25N6,https://nhh.ie/machine.html?id=SLA25N6,No,No
SLA25N7,https://nhh.ie/machine.html?id=SLA25N7,No,No
SLA25N8,https://nhh.ie/machine.html?id=SLA25N8,No,No
SLA25N9,https://nhh.ie/machine.html?id=SLA25N9,No,No
SLFPN2,https://nhh.ie/machine.html?id=SLFPN2,No,No
SMALLPLANT,https://nhh.ie/machine.html?id=SMALLPLANT,No,No
SP02,https://nhh.ie/machine.html?id=SP02,No,No
SPN01,https://nhh.ie/machine.html?id=SPN01,No,No
SPO6N100,https://nhh.ie/machine.html?id=SPO6N100,No,No
SPO6N101,https://nhh.ie/machine.html?id=SPO6N101,No,No
SPO6N102,https://nhh.ie/machine.html?id=SPO6N102,No,No
SPO6N103,https://nhh.ie/machine.html?id=SPO6N103,No,No
SPO6N104,https://nhh.ie/machine.html?id=SPO6N104,No,No
SPO6N105,https://nhh.ie/machine.html?id=SPO6N105,No,No
SPO6N106,https://nhh.ie/machine.html?id=SPO6N106,No,No
SPO6N107,https://nhh.ie/machine.html?id=SPO6N107,No,No
SPO6N108,https://nhh.ie/machine.html?id=SPO6N108,No,No
SPO6N77,https://nhh.ie/machine.html?id=SPO6N77,No,No
SPO6N78,https://nhh.ie/machine.html?id=SPO6N78,No,No
SPO6N79,https://nhh.ie/machine.html?id=SPO6N79,No,No
SPO6N80,https://nhh.ie/machine.html?id=SPO6N80,No,No
SPO6N81,https://nhh.ie/machine.html?id=SPO6N81,No,No
SPO6N82,https://nhh.ie/machine.html?id=SPO6N82,No,No
SPO6N83,https://nhh.ie/machine.html?id=SPO6N83,No,No
SPO6N84,https://nhh.ie/machine.html?id=SPO6N84,No,No
SPO6N85,https://nhh.ie/machine.html?id=SPO6N85,No,No
SPO6N86,https://nhh.ie/machine.html?id=SPO6N86,No,No
SPO6N87,https://nhh.ie/machine.html?id=SPO6N87,No,No
SPO6N88,https://nhh.ie/machine.html?id=SPO6N88,No,No
SPO6N89,https://nhh.ie/machine.html?id=SPO6N89,No,No
SPO6N90,https://nhh.ie/machine.html?id=SPO6N90,No,No
SPO6N91,https://nhh.ie/machine.html?id=SPO6N91,No,No
SPO6N92,https://nhh.ie/machine.html?id=SPO6N92,No,No
SPO6N93,https://nhh.ie/machine.html?id=SPO6N93,No,No
SPO6N94,https://nhh.ie/machine.html?id=SPO6N94,No,No
SPO6N95,https://nhh.ie/machine.html?id=SPO6N95,No,No
SPO6N96,https://nhh.ie/machine.html?id=SPO6N96,No,No
SPO6N97,https://nhh.ie/machine.html?id=SPO6N97,No,No
SPO6N98,https://nhh.ie/machine.html?id=SPO6N98,No,No
SPO6N99,https://nhh.ie/machine.html?id=SPO6N99,No,No
STA,https://nhh.ie/machine.html?id=STA,No,No
STABILISER,https://nhh.ie/machine.html?id=STABILISER,No,No
STABILISINGBAR,https://nhh.ie/machine.html?id=STABILISINGBAR,No,No
STABILIZERS,https://nhh.ie/machine.html?id=STABILIZERS,No,No
STANDLANCE,https://nhh.ie/machine.html?id=STANDLANCE,No,No
STANPIPEN11,https://nhh.ie/machine.html?id=STANPIPEN11,No,No
STANPIPEN12,https://nhh.ie/machine.html?id=STANPIPEN12,No,No
STAR1N1,https://nhh.ie/machine.html?id=STAR1N1,No,No
STGN1,https://nhh.ie/machine.html?id=STGN1,No,No
STR,https://nhh.ie/machine.html?id=STR,No,No
STRAP1,https://nhh.ie/machine.html?id=STRAP1,No,No
STRIM1N153,https://nhh.ie/machine.html?id=STRIM1N153,No,No
STRIM1N155,https://nhh.ie/machine.html?id=STRIM1N155,No,No
STRIM1N156,https://nhh.ie/machine.html?id=STRIM1N156,No,No
STRIM1N157,https://nhh.ie/machine.html?id=STRIM1N157,No,No
STRIM1N158,https://nhh.ie/machine.html?id=STRIM1N158,No,No
STRIM1N159,https://nhh.ie/machine.html?id=STRIM1N159,No,No
STRIM1N160,https://nhh.ie/machine.html?id=STRIM1N160,No,No
STRIM1N161,https://nhh.ie/machine.html?id=STRIM1N161,No,No
STRIM1N162,https://nhh.ie/machine.html?id=STRIM1N162,No,No
STRIM2N21,https://nhh.ie/machine.html?id=STRIM2N21,No,No
SV1,https://nhh.ie/machine.html?id=SV1,No,No
SW1,https://nhh.ie/machine.html?id=SW1,No,No
TABLE GUARD,https://nhh.ie/machine.html?id=TABLE%20GUARD,No,No
TAR,https://nhh.ie/machine.html?id=TAR,No,No
TB,https://nhh.ie/machine.html?id=TB,No,No
TCL1M,https://nhh.ie/machine.html?id=TCL1M,No,No
TELB,https://nhh.ie/machine.html?id=TELB,No,No
TELE1N107,https://nhh.ie/machine.html?id=TELE1N107,No,No
TELE1N138,https://nhh.ie/machine.html?id=TELE1N138,No,No
TELE1N139,https://nhh.ie/machine.html?id=TELE1N139,No,No
TELE1N140,https://nhh.ie/machine.html?id=TELE1N140,No,No
TELE1N141,https://nhh.ie/machine.html?id=TELE1N141,No,No
TELE1N142,https://nhh.ie/machine.html?id=TELE1N142,No,No
TELE1N144,https://nhh.ie/machine.html?id=TELE1N144,No,No
TELE1N64,https://nhh.ie/machine.html?id=TELE1N64,No,No
TELE1N65,https://nhh.ie/machine.html?id=TELE1N65,No,No
TELE1N71,https://nhh.ie/machine.html?id=TELE1N71,No,No
TELE1N73,https://nhh.ie/machine.html?id=TELE1N73,No,No
TELE1N78,https://nhh.ie/machine.html?id=TELE1N78,No,No
TELE1N79,https://nhh.ie/machine.html?id=TELE1N79,No,No
TELE1N80,https://nhh.ie/machine.html?id=TELE1N80,No,No
TELE1N85,https://nhh.ie/machine.html?id=TELE1N85,No,No
TELE1N86,https://nhh.ie/machine.html?id=TELE1N86,No,No
TELE1N87,https://nhh.ie/machine.html?id=TELE1N87,No,No
TELE1N88,https://nhh.ie/machine.html?id=TELE1N88,No,No
TELE1N89,https://nhh.ie/machine.html?id=TELE1N89,No,No
TELE3N105,https://nhh.ie/machine.html?id=TELE3N105,No,No
TELE3N106,https://nhh.ie/machine.html?id=TELE3N106,No,No
TELE3N129,https://nhh.ie/machine.html?id=TELE3N129,No,No
TELE3N130,https://nhh.ie/machine.html?id=TELE3N130,No,No
TELE3N131,https://nhh.ie/machine.html?id=TELE3N131,No,No
TELE3N132,https://nhh.ie/machine.html?id=TELE3N132,No,No
TELE3N133,https://nhh.ie/machine.html?id=TELE3N133,No,No
TELE3N42,https://nhh.ie/machine.html?id=TELE3N42,No,No
TELE3N67,https://nhh.ie/machine.html?id=TELE3N67,No,No
TELE3N69,https://nhh.ie/machine.html?id=TELE3N69,No,No
TELE3N70,https://nhh.ie/machine.html?id=TELE3N70,No,No
TELE3N74,https://nhh.ie/machine.html?id=TELE3N74,No,No
TELE3N75,https://nhh.ie/machine.html?id=TELE3N75,No,No
TELE3N81,https://nhh.ie/machine.html?id=TELE3N81,No,No
TELE3N82,https://nhh.ie/machine.html?id=TELE3N82,No,No
TELE3N83,https://nhh.ie/machine.html?id=TELE3N83,No,No
TELE3N84,https://nhh.ie/machine.html?id=TELE3N84,No,No
TELE6N135,https://nhh.ie/machine.html?id=TELE6N135,No,No
TELE6N137,https://nhh.ie/machine.html?id=TELE6N137,No,No
TELE6N43,https://nhh.ie/machine.html?id=TELE6N43,No,No
TELE7N125,https://nhh.ie/machine.html?id=TELE7N125,No,No
TELE7N126,https://nhh.ie/machine.html?id=TELE7N126,No,No
TELE7N127,https://nhh.ie/machine.html?id=TELE7N127,No,No
TELE7N128,https://nhh.ie/machine.html?id=TELE7N128,No,No
TELE7N134,https://nhh.ie/machine.html?id=TELE7N134,No,No
TELE7N46,https://nhh.ie/machine.html?id=TELE7N46,No,No
TELE7N68,https://nhh.ie/machine.html?id=TELE7N68,No,No
TELE7N72,https://nhh.ie/machine.html?id=TELE7N72,No,No
TELE7N76,https://nhh.ie/machine.html?id=TELE7N76,No,No
TELE7N77,https://nhh.ie/machine.html?id=TELE7N77,No,No
TELE7N91,https://nhh.ie/machine.html?id=TELE7N91,No,No
TELE7N92,https://nhh.ie/machine.html?id=TELE7N92,No,No
TELE7N93,https://nhh.ie/machine.html?id=TELE7N93,No,No
TELE7N94,https://nhh.ie/machine.html?id=TELE7N94,No,No
TELE7N95,https://nhh.ie/machine.html?id=TELE7N95,No,No
TELE8N102,https://nhh.ie/machine.html?id=TELE8N102,No,No
TELE8N103,https://nhh.ie/machine.html?id=TELE8N103,No,No
TELE8N104,https://nhh.ie/machine.html?id=TELE8N104,No,No
TELE8N108,https://nhh.ie/machine.html?id=TELE8N108,No,No
TELE8N109,https://nhh.ie/machine.html?id=TELE8N109,No,No
TELE8N110,https://nhh.ie/machine.html?id=TELE8N110,Yes,No
TELE8N112,https://nhh.ie/machine.html?id=TELE8N112,No,No
TELE8N114,https://nhh.ie/machine.html?id=TELE8N114,No,No
TELE8N121,https://nhh.ie/machine.html?id=TELE8N121,No,No
TELE8N122,https://nhh.ie/machine.html?id=TELE8N122,No,No
TELE8N124,https://nhh.ie/machine.html?id=TELE8N124,No,No
TELE8N143,https://nhh.ie/machine.html?id=TELE8N143,No,No
TELE8N145,https://nhh.ie/machine.html?id=TELE8N145,No,No
TELE8N146,https://nhh.ie/machine.html?id=TELE8N146,No,No
TELE8N147,https://nhh.ie/machine.html?id=TELE8N147,No,No
TELE8N148,https://nhh.ie/machine.html?id=TELE8N148,No,No
TELE8N149,https://nhh.ie/machine.html?id=TELE8N149,No,No
TELE8N96,https://nhh.ie/machine.html?id=TELE8N96,No,No
TELE9N101,https://nhh.ie/machine.html?id=TELE9N101,No,No
TELE9N136,https://nhh.ie/machine.html?id=TELE9N136,No,No
TELELADDER,https://nhh.ie/machine.html?id=TELELADDER,No,No
TELEREMOTE,https://nhh.ie/machine.html?id=TELEREMOTE,No,No
TELESCOPICL,https://nhh.ie/machine.html?id=TELESCOPICL,No,No
TELF,https://nhh.ie/machine.html?id=TELF,No,No
TELLN100,https://nhh.ie/machine.html?id=TELLN100,No,No
TELLN101,https://nhh.ie/machine.html?id=TELLN101,No,No
TELLN102,https://nhh.ie/machine.html?id=TELLN102,No,No
TELLN111,https://nhh.ie/machine.html?id=TELLN111,No,No
TELLN113,https://nhh.ie/machine.html?id=TELLN113,No,No
TELLN114,https://nhh.ie/machine.html?id=TELLN114,No,No
TELLN115,https://nhh.ie/machine.html?id=TELLN115,No,No
TELLN116,https://nhh.ie/machine.html?id=TELLN116,Yes,No
TELLN117,https://nhh.ie/machine.html?id=TELLN117,No,No
TELLN118,https://nhh.ie/machine.html?id=TELLN118,No,No
TELLN119,https://nhh.ie/machine.html?id=TELLN119,No,No
TELLN120,https://nhh.ie/machine.html?id=TELLN120,No,No
TELLN123,https://nhh.ie/machine.html?id=TELLN123,No,No
TELLN125,https://nhh.ie/machine.html?id=TELLN125,No,No
TELLN126,https://nhh.ie/machine.html?id=TELLN126,No,No
TELLN127,https://nhh.ie/machine.html?id=TELLN127,No,No
TELLN128,https://nhh.ie/machine.html?id=TELLN128,No,No
TELLN129,https://nhh.ie/machine.html?id=TELLN129,No,No
TELLN130,https://nhh.ie/machine.html?id=TELLN130,No,No
TELLN131,https://nhh.ie/machine.html?id=TELLN131,No,No
TELLN132,https://nhh.ie/machine.html?id=TELLN132,No,No
TELLN133,https://nhh.ie/machine.html?id=TELLN133,No,No
TELLN134,https://nhh.ie/machine.html?id=TELLN134,No,No
TELLN175,https://nhh.ie/machine.html?id=TELLN175,No,No
TELLN19,https://nhh.ie/machine.html?id=TELLN19,No,No
TELLN97,https://nhh.ie/machine.html?id=TELLN97,No,No
TELLN98,https://nhh.ie/machine.html?id=TELLN98,No,No
TELLN99,https://nhh.ie/machine.html?id=TELLN99,No,No
TEMPCOUPLER,https://nhh.ie/machine.html?id=TEMPCOUPLER,No,No
TEST3N1,https://nhh.ie/machine.html?id=TEST3N1,No,No
TILE2N131,https://nhh.ie/machine.html?id=TILE2N131,No,No
TILE3N132,https://nhh.ie/machine.html?id=TILE3N132,No,No
TILE3N9,https://nhh.ie/machine.html?id=TILE3N9,No,No
TLB,https://nhh.ie/machine.html?id=TLB,No,No
TLS,https://nhh.ie/machine.html?id=TLS,No,No
TMS85,https://nhh.ie/machine.html?id=TMS85,No,No
TORCH004,https://nhh.ie/machine.html?id=TORCH004,No,No
TORCH005,https://nhh.ie/machine.html?id=TORCH005,No,No
TORCHN6,https://nhh.ie/machine.html?id=TORCHN6,No,No
TORCHN7,https://nhh.ie/machine.html?id=TORCHN7,No,No
TOW BOARDC,https://nhh.ie/machine.html?id=TOW%20BOARDC,No,No
TOW BOARDS,https://nhh.ie/machine.html?id=TOW%20BOARDS,No,No
TOWBOARD,https://nhh.ie/machine.html?id=TOWBOARD,No,No
TOWERWHEELS,https://nhh.ie/machine.html?id=TOWERWHEELS,No,No
TRAF2,https://nhh.ie/machine.html?id=TRAF2,No,No
TRAFN50,https://nhh.ie/machine.html?id=TRAFN50,No,No
TRAFN51,https://nhh.ie/machine.html?id=TRAFN51,No,No
TRAFN53,https://nhh.ie/machine.html?id=TRAFN53,No,No
TRAFN54,https://nhh.ie/machine.html?id=TRAFN54,No,No
TRAFN55,https://nhh.ie/machine.html?id=TRAFN55,No,No
TRAFN60,https://nhh.ie/machine.html?id=TRAFN60,No,No
TRAFN61,https://nhh.ie/machine.html?id=TRAFN61,No,No
TRAIL2N77,https://nhh.ie/machine.html?id=TRAIL2N77,No,No
TRAIL3N41,https://nhh.ie/machine.html?id=TRAIL3N41,No,No
TRAIL4N18,https://nhh.ie/machine.html?id=TRAIL4N18,No,No
TRAIL4N3,https://nhh.ie/machine.html?id=TRAIL4N3,No,No
TRAIL5N17,https://nhh.ie/machine.html?id=TRAIL5N17,No,No
TRAIL6N16,https://nhh.ie/machine.html?id=TRAIL6N16,No,No
TRAIL6N20,https://nhh.ie/machine.html?id=TRAIL6N20,No,No
TRAIL6N78,https://nhh.ie/machine.html?id=TRAIL6N78,No,No
TRAIL6N80,https://nhh.ie/machine.html?id=TRAIL6N80,No,No
TRAIL6N81,https://nhh.ie/machine.html?id=TRAIL6N81,No,No
TRAIL8N82,https://nhh.ie/machine.html?id=TRAIL8N82,No,No
TRAILSN71,https://nhh.ie/machine.html?id=TRAILSN71,No,No
TRAN10N99,https://nhh.ie/machine.html?id=TRAN10N99,No,No
TRAN3N172,https://nhh.ie/machine.html?id=TRAN3N172,No,No
TRAN3N352,https://nhh.ie/machine.html?id=TRAN3N352,No,No
TRAN3N361,https://nhh.ie/machine.html?id=TRAN3N361,No,No
TRAN3N366,https://nhh.ie/machine.html?id=TRAN3N366,No,No
TRAN3N369,https://nhh.ie/machine.html?id=TRAN3N369,No,No
TRAN3N371,https://nhh.ie/machine.html?id=TRAN3N371,No,No
TRAN3N374,https://nhh.ie/machine.html?id=TRAN3N374,No,No
TRAN3N61,https://nhh.ie/machine.html?id=TRAN3N61,No,No
TRAN3N62,https://nhh.ie/machine.html?id=TRAN3N62,No,No
TRAN3N63,https://nhh.ie/machine.html?id=TRAN3N63,No,No
TRAN3N630,https://nhh.ie/machine.html?id=TRAN3N630,No,No
TRAN5N360,https://nhh.ie/machine.html?id=TRAN5N360,No,No
TRAN5N362,https://nhh.ie/machine.html?id=TRAN5N362,No,No
TRAN5N363,https://nhh.ie/machine.html?id=TRAN5N363,No,No
TRAN5N364,https://nhh.ie/machine.html?id=TRAN5N364,No,No
TRAN5N365,https://nhh.ie/machine.html?id=TRAN5N365,No,No
TRAN5N372,https://nhh.ie/machine.html?id=TRAN5N372,No,No
TRAN5N375,https://nhh.ie/machine.html?id=TRAN5N375,No,No
TRAN5N376,https://nhh.ie/machine.html?id=TRAN5N376,No,No
TRAN5N377,https://nhh.ie/machine.html?id=TRAN5N377,No,No
TRAN5N378,https://nhh.ie/machine.html?id=TRAN5N378,No,No
TRAN5N379,https://nhh.ie/machine.html?id=TRAN5N379,No,No
TRAN5N380,https://nhh.ie/machine.html?id=TRAN5N380,No,No
TRAN5N381,https://nhh.ie/machine.html?id=TRAN5N381,No,No
TRANSN382,https://nhh.ie/machine.html?id=TRANSN382,No,No
TRAPDOOR PLAT,https://nhh.ie/machine.html?id=TRAPDOOR%20PLAT,No,No
TRES1,https://nhh.ie/machine.html?id=TRES1,No,No
TRI,https://nhh.ie/machine.html?id=TRI,No,No
TURBHE,https://nhh.ie/machine.html?id=TURBHE,No,No
TURBO NOZZLE,https://nhh.ie/machine.html?id=TURBO%20NOZZLE,No,No
VAC2N101,https://nhh.ie/machine.html?id=VAC2N101,No,No
VAC2N28,https://nhh.ie/machine.html?id=VAC2N28,No,No
VAC2N83,https://nhh.ie/machine.html?id=VAC2N83,No,No
VAC2N86,https://nhh.ie/machine.html?id=VAC2N86,No,No
VAC2N87,https://nhh.ie/machine.html?id=VAC2N87,No,No
VAC2N90,https://nhh.ie/machine.html?id=VAC2N90,No,No
VAC2N92,https://nhh.ie/machine.html?id=VAC2N92,No,No
VAC2N95,https://nhh.ie/machine.html?id=VAC2N95,No,No
VAC2N97,https://nhh.ie/machine.html?id=VAC2N97,No,No
VAC2N98,https://nhh.ie/machine.html?id=VAC2N98,No,No
VACBAG,https://nhh.ie/machine.html?id=VACBAG,No,No
VACWATFIL,https://nhh.ie/machine.html?id=VACWATFIL,No,No
VEH0001N14,https://nhh.ie/machine.html?id=VEH0001N14,No,No
VEH001N10,https://nhh.ie/machine.html?id=VEH001N10,No,No
VEH001N15,https://nhh.ie/machine.html?id=VEH001N15,No,No
VEH001N152,https://nhh.ie/machine.html?id=VEH001N152,No,No
VEH001N153,https://nhh.ie/machine.html?id=VEH001N153,No,No
VEH001N16,https://nhh.ie/machine.html?id=VEH001N16,No,No
VEH001N17,https://nhh.ie/machine.html?id=VEH001N17,No,No
VEH001N21,https://nhh.ie/machine.html?id=VEH001N21,No,No
VEH001N22,https://nhh.ie/machine.html?id=VEH001N22,No,No
VEH001N25,https://nhh.ie/machine.html?id=VEH001N25,No,No
VEH001N27,https://nhh.ie/machine.html?id=VEH001N27,No,No
VEH001N28,https://nhh.ie/machine.html?id=VEH001N28,No,No
VEH001N29,https://nhh.ie/machine.html?id=VEH001N29,No,No
VEH001N39,https://nhh.ie/machine.html?id=VEH001N39,No,No
VEH001N40,https://nhh.ie/machine.html?id=VEH001N40,No,No
VEH001N43,https://nhh.ie/machine.html?id=VEH001N43,No,No
VEH001N44,https://nhh.ie/machine.html?id=VEH001N44,No,No
VEH001N47,https://nhh.ie/machine.html?id=VEH001N47,No,No
VEH001N50,https://nhh.ie/machine.html?id=VEH001N50,No,No
VEH001N51,https://nhh.ie/machine.html?id=VEH001N51,No,No
VEH006,https://nhh.ie/machine.html?id=VEH006,No,No
VEH007,https://nhh.ie/machine.html?id=VEH007,No,No
VEH008,https://nhh.ie/machine.html?id=VEH008,No,No
VEH008N175,https://nhh.ie/machine.html?id=VEH008N175,No,No
VEH008N176,https://nhh.ie/machine.html?id=VEH008N176,No,No
VEH008N177,https://nhh.ie/machine.html?id=VEH008N177,No,No
VEH008N179,https://nhh.ie/machine.html?id=VEH008N179,No,No
VEH008N180,https://nhh.ie/machine.html?id=VEH008N180,No,No
VEH008N182,https://nhh.ie/machine.html?id=VEH008N182,No,No
VEH00N178,https://nhh.ie/machine.html?id=VEH00N178,No,No
VEHN154,https://nhh.ie/machine.html?id=VEHN154,No,No
WALK2,https://nhh.ie/machine.html?id=WALK2,No,No
WALL1N28,https://nhh.ie/machine.html?id=WALL1N28,No,No
WALL1N29,https://nhh.ie/machine.html?id=WALL1N29,No,No
WALL2N2,https://nhh.ie/machine.html?id=WALL2N2,No,No
WALLSUP,https://nhh.ie/machine.html?id=WALLSUP,No,No
WELD3N2,https://nhh.ie/machine.html?id=WELD3N2,No,No
WELD4N103,https://nhh.ie/machine.html?id=WELD4N103,No,No
WELD4N236,https://nhh.ie/machine.html?id=WELD4N236,No,No
WELD4N263,https://nhh.ie/machine.html?id=WELD4N263,No,No
WELD4N309,https://nhh.ie/machine.html?id=WELD4N309,No,No
WFB1,https://nhh.ie/machine.html?id=WFB1,No,No
WH,https://nhh.ie/machine.html?id=WH,No,No
WORKSHOPCONSUMABLES,https://nhh.ie/machine.html?id=WORKSHOPCONSUMABLES,No,No
WREN48N5,https://nhh.ie/machine.html?id=WREN48N5,No,No
